year,exporter_name,export_value,export_quantity,Average Closing Price
2021,Argentina,84866.0,464.116,4.2445
2021,Papua New Guinea,8.24483969E8,274995.03,4.2445
2021,Philippines,6.67784705E8,151679.802,4.2445
2021,Hong Kong,1403927.0,3336.607,4.2445
2021,Pakistan,1.3029808E7,9144.322999999999,4.2445
2021,Slovakia,347394.0,17.131,4.2445
2021,Tajikistan,5.081151000000001E7,22568.053000000004,4.2445
2021,Uganda,116592.00000000001,24.935,4.2445
2021,Cyprus,148.00000000000003,0.022,4.2445
2021,Georgia,9.69954075E8,401065.548,4.2445
2021,Cambodia,985.0,0.03,4.2445
2021,Tanzania,9558425.0,6206.594999999999,4.2445
2021,Chinese Taipei,8.14333292E8,449816.837,4.2445
2021,Oman,9680.999999999998,112.79,4.2445
2021,Croatia,9882648.000000002,5592.74,4.2445
2021,Kazakhstan,1.865075642E9,982573.3180000001,4.2445
2021,Kyrgyzstan,2.0628675E7,12432.004,4.2445
2021,Serbia,8.13242438E8,500112.702,4.2445
2021,Somalia,11939.0,21.16,4.2445
2021,Peru,1.5550195063E10,6647316.751000001,4.2445
2021,Sudan,2548.0,0.049,4.2445
2021,India,6.7384453E7,44743.863,4.2445
2021,Vietnam,4929800.0,3424.8589999999995,4.2445
2021,Ecuador,9.07054206E8,429776.671,4.2445
2021,North Macedonia,6.7022263E7,32296.02,4.2445
2021,Azerbaijan,3.7041423E7,20405.682,4.2445
2021,Greece,6105.0,0.062,4.2445
2021,Namibia,8292.0,35.85199999999999,4.2445
2021,Armenia,1.110925479E9,486544.1809999999,4.2445
2021,Thailand,2.1537653E7,19298.712,4.2445
2021,Panama,2.920582754E9,1269774.045,4.2445
2021,Malaysia,3.0357478099999994E8,166850.294,4.2445
2021,Nicaragua,450213.0,3073.31,4.2445
2021,Niger,40952.0,126.221,4.2445
2021,Nigeria,1986983.0,484.924,4.2445
2021,Montenegro,1.16621259E8,101398.891,4.2445
2021,Australia,4.904127797E9,1409034.9070000001,4.2445
2021,Poland,189167.0,550.7679999999999,4.2445
2021,Colombia,9.103255399999999E7,52496.04699999999,4.2445
2021,Burma,1.5513549000000002E7,15009.034,4.2445
2021,Mongolia,2.914338003E9,1284556.2470000002,4.2445
2021,Uzbekistan,977.0,0.158,4.2445
2021,Mozambique,739.0,0.105,4.2445
2021,Latvia,151767.0,138.889,4.2445
2021,Russia,1.327313779E9,622855.402,4.2445
2021,Madagascar,564857.0,403.00499999999994,4.2445
2021,Switzerland,3.6060526E7,14720.65,4.2445
2021,Mauritania,3.1909755E8,121089.52900000001,4.2445
2021,France,2.291319E7,6213.195999999999,4.2445
2021,Italy,784812.0,120.42599999999999,4.2445
2021,Mexico,3.6602063330000005E9,1564888.672,4.2445
2021,Chile,2.9494829426E10,5288685.672999999,4.2445
2021,Iceland,23006.0,9.342,4.2445
2021,Spain,1.0411568730000001E9,621302.5119999999,4.2445
2021,Morocco,1.75087582E8,129993.937,4.2445
2021,Norway,4074.0,7.004,4.2445
2021,Singapore,794757.0,1240.6629999999998,4.2445
2021,Indonesia,5.632583903E9,2229635.383,4.2445
2021,Guinea-Bissau,1.0,0.0,4.2445
2021,Kenya,1109121.0,2271.5560000000005,4.2445
2021,Ghana,668.0,0.377,4.2445
2021,Sweden,1335.0,2.21,4.2445
2021,Japan,1621403.0,13560.589,4.2445
2021,Austria,281.0,0.004,4.2445
2021,Laos,3.5919474E8,167287.554,4.2445
2021,Guatemala,3718.0,49.505,4.2445
2021,Bosnia and Herzegovina,9910.0,2.0,4.2445
2021,Lithuania,274878.0,277.742,4.2445
2021,Egypt,147.0,0.008,4.2445
2021,Dominican Republic,3.6163932E7,28077.389000000003,4.2445
2021,Romania,6.1519089E7,38829.201,4.2445
2021,Israel,7007.0,3.343,4.2445
2021,Eritrea,1.9700165599999997E8,85414.70000000001,4.2445
2021,Zambia,1.36873778E8,52206.051999999996,4.2445
2021,Ethiopia,224104.0,219.88899999999998,4.2445
2021,Germany,1.8761999E7,41074.314,4.2445
2021,Ireland,6788.0,0.179,4.2445
2021,United Arab Emirates,6.0032526E7,42890.036,4.2445
2021,Saudi Arabia,7.51000165E8,325269.16400000005,4.2445
2021,Zimbabwe,2125775.0,1676.549,4.2445
2021,Burundi,83.0,0.001,4.2445
2021,Canada,4.23622552E9,608965.721,4.2445
2021,Finland,2.01853641E8,6702.5120000000015,4.2445
2021,Qatar,4.4140029E7,25167.766,4.2445
2021,Iran,4942530.000000001,2554.741,4.2445
2021,Democratic Republic of the Congo,6.29741327E8,426636.58,4.2445
2021,Albania,3.9167504E7,26493.840999999997,4.2445
2021,Hungary,10692.0,0.384,4.2445
2021,Brazil,3.261179055E9,1182591.5909999998,4.2445
2021,United States,2.694327774E9,718314.131,4.2445
2021,Belgium,496770.0,80.34,4.2445
2021,Algeria,156.0,0.006,4.2445
2021,Portugal,3.26921863E8,163125.67100000003,4.2445
2021,Republic of the Congo,3934306.0,1685.6500000000003,4.2445
2021,Bolivia,1.0122196E7,3964.372,4.2445
2021,Bulgaria,4.3658403E8,422967.336,4.2445
2021,Botswana,7.5724101E7,45004.53999999999,4.2445
2021,Netherlands,1861355.0,575.638,4.2445
2021,South Korea,1.18809696E9,535179.7180000001,4.2445
2021,South Africa,2.9277078E8,146158.979,4.2445
2021,United Kingdom,314121.0,230.09700000000004,4.2445
2021,China,2.8958066000000004E7,13833.486000000003,4.2445
2021,Turkey,5.02242604E8,315153.507,4.2445
2019,Kyrgyzstan,226482.0,125.471,2.7218
2019,Cyprus,2.3356139E7,16323.0,2.7218
2019,Oman,2390.0,21.236,2.7218
2019,Georgia,6.86603456E8,382707.735,2.7218
2019,Uruguay,100241.0,266.222,2.7218
2019,Serbia,1627886.0,1934.7640000000001,2.7218
2019,Malta,3880.0,10.0,2.7218
2019,Peru,1.2200505545E10,8463138.01,2.7218
2019,Tanzania,6587266.0,143.60099999999997,2.7218
2019,Ecuador,3.2261433E7,22481.898,2.7218
2019,Montenegro,17023.0,22.0,2.7218
2019,Kazakhstan,1.301690235E9,1081254.8900000001,2.7218
2019,Greece,580555.0,1066.9379999999999,2.7218
2019,Malaysia,2.68606426E8,156201.889,2.7218
2019,North Macedonia,5.889879700000001E7,34853.144,2.7218
2019,Panama,5.55589372E8,478284.84099999996,2.7218
2019,Bangladesh,34.0,0.001,2.7218
2019,Colombia,4.1071691E7,30084.329,2.7218
2019,Thailand,1.5924516E7,12534.917999999998,2.7218
2019,Burma,2793361.0,3774.48,2.7218
2019,Russia,2.45230147E8,127048.697,2.7218
2019,Azerbaijan,2.6095284E7,16903.07,2.7218
2019,Uzbekistan,20174.0,63.81,2.7218
2019,Nigeria,199093.0,897.929,2.7218
2019,Vietnam,1.061485E7,4728.8279999999995,2.7218
2019,Somalia,121068.0,241.101,2.7218
2019,Armenia,1.035049597E9,738031.541,2.7218
2019,Mongolia,1.793574972E9,1403511.219,2.7218
2019,Chile,1.7485116927999996E10,6692303.818000003,2.7218
2019,France,1.5976716E7,4934.365000000001,2.7218
2019,Switzerland,4219294.0,2000.9219999999998,2.7218
2019,Mexico,2.337365164E9,1874075.405,2.7218
2019,Luxembourg,54766.99999999999,10.74,2.7218
2019,Spain,1.458181524E9,1030211.3219999998,2.7218
2019,Namibia,1.2095484999999998E7,9282.599,2.7218
2019,Iceland,173292.0,40.38,2.7218
2019,Japan,216741.0,487.026,2.7218
2019,Guatemala,43.0,0.004,2.7218
2019,Bosnia and Herzegovina,297481.0,75.01,2.7218
2019,Madagascar,489585.0,512.32,2.7218
2019,Mali,726.0,2.3150000000000004,2.7218
2019,Sweden,4.8011046E7,29432.281000000003,2.7218
2019,Mozambique,1814572.0,833.597,2.7218
2019,Mauritania,2.0884742E8,131920.968,2.7218
2019,Singapore,322259.0,273.93899999999996,2.7218
2019,Romania,7.6991379E7,63540.340000000004,2.7218
2019,Ireland,269850.0,108.02,2.7218
2019,Israel,2000.0,1.663,2.7218
2019,Bolivia,8106052.0,1415.6629999999998,2.7218
2019,Laos,5.03406296E8,311080.626,2.7218
2019,United Arab Emirates,7.3763616E7,68224.70700000001,2.7218
2019,Hungary,21.0,0.001,2.7218
2019,Indonesia,1.447615963E9,734989.6710000001,2.7218
2019,Morocco,9.3589707E7,118914.05600000001,2.7218
2019,Dominican Republic,1.0085306999999999E8,33148.564,2.7218
2019,Brazil,2.363358232E9,1157172.142,2.7218
2019,Dominica,54.00000000000001,0.002,2.7218
2019,Saudi Arabia,3.99663714E8,242466.45799999998,2.7218
2019,Ghana,49355.99999999999,24.733,2.7218
2019,Finland,1.35935511E8,75708.444,2.7218
2019,Iran,2.2584882E7,22723.615,2.7218
2019,Portugal,2.03718912E8,178905.734,2.7218
2019,Bulgaria,3.37448675E8,390876.145,2.7218
2019,Argentina,582.0000000000001,0.02,2.7218
2019,Papua New Guinea,7.64630463E8,365769.315,2.7218
2019,Czechia,488.0,0.136,2.7218
2019,Kenya,50218.00000000001,101.632,2.7218
2019,Zambia,3.2625102999999993E7,17257.754,2.7218
2019,Denmark,3460.0,0.034,2.7218
2019,Eritrea,9.9799959E7,62056.33,2.7218
2019,Albania,1.8869485E7,17202.817,2.7218
2019,United Kingdom,5073382.0,1051.878,2.7218
2019,Ethiopia,87806.0,194.04700000000003,2.7218
2019,Philippines,6.76580427E8,324165.57300000003,2.7218
2019,Zimbabwe,877751.0,1314.492,2.7218
2019,Australia,4.707718603E9,2006036.614,2.7218
2019,Germany,2.7325951E7,53102.092000000004,2.7218
2019,Egypt,92174.0,36.824,2.7218
2019,Republic of the Congo,439507.99999999994,311.42,2.7218
2019,Hong Kong,221320.0,654.662,2.7218
2019,Pakistan,213195.0,735.652,2.7218
2019,Poland,556168.0,6317.576,2.7218
2019,Democratic Republic of the Congo,9.18879483E8,509503.7309999999,2.7218
2019,Turkey,1.58095208E8,189788.28699999998,2.7218
2019,Belgium,858349.0,1396.2440000000001,2.7218
2019,Canada,2.730389426E9,1297105.489,2.7218
2019,Netherlands,6343685.0,3648.619,2.7218
2019,India,3.82891235E8,267474.135,2.7218
2019,China,1.2949178E7,4586.996,2.7218
2019,United States,1.850830698E9,728803.416,2.7218
2019,Djibouti,29963.0,35.991,2.7218
2019,Tajikistan,2.0891673E7,11569.033,2.7218
2019,Italy,454025.0,108.56500000000001,2.7218
2019,South Korea,2.6067361600000003E8,175327.756,2.7218
2019,Chinese Taipei,8.324178770000001E8,372039.64199999993,2.7218
2019,South Africa,2.51409956E8,260050.60700000002,2.7218
2019,Benin,1706.9999999999998,18.6,2.7218
2019,Botswana,178425.0,95.48,2.7218
2020,Uruguay,235988.0,1689.036,2.8013
2020,Tajikistan,7561553.0,3977.687,2.8013
2020,Georgia,9.61311685E8,473468.60200000013,2.8013
2020,Greece,3352.0,6.469,2.8013
2020,Cyprus,1.20378321E8,123718.0,2.8013
2020,Oman,2.8262627E7,23236.534,2.8013
2020,Montenegro,760.9999999999999,0.052,2.8013
2020,Pakistan,6179608.0,4584.864,2.8013
2020,Serbia,1.01099087E8,55478.089,2.8013
2020,Peru,9.405440179E9,6180644.319,2.8013
2020,North Macedonia,5.9564979E7,31201.243,2.8013
2020,Chinese Taipei,7.97008839E8,355926.921,2.8013
2020,Tanzania,3181003.0,2276.408,2.8013
2020,Kazakhstan,1.510833643E9,1252935.497,2.8013
2020,Ecuador,3.04275772E8,201015.50499999998,2.8013
2020,Panama,1.142786093E9,685179.7969999999,2.8013
2020,Kyrgyzstan,1799731.0,544.785,2.8013
2020,Australia,3.687589075E9,1525301.818,2.8013
2020,Colombia,5.480774499999999E7,40528.901000000005,2.8013
2020,Somalia,8156.000000000001,53.278,2.8013
2020,Poland,2350.0,0.5940000000000001,2.8013
2020,Azerbaijan,3.4333609E7,22905.368,2.8013
2020,Armenia,9.57394069E8,593902.3580000001,2.8013
2020,Russia,6.82705661E8,307946.145,2.8013
2020,Mexico,3.030723782E9,1848925.663,2.8013
2020,Mongolia,1.786647064E9,1394964.8800000001,2.8013
2020,Nigeria,727886.0,1508.796,2.8013
2020,Niger,30574.0,197.182,2.8013
2020,Malaysia,7.6011743E7,132874.517,2.8013
2020,Vietnam,8.785805499999999E7,48409.471000000005,2.8013
2020,Chile,2.0876266435E10,6535782.0649999995,2.8013
2020,Norway,11.000000000000002,0.135,2.8013
2020,Thailand,574174.0,3523.547,2.8013
2020,France,1.7436169E7,5116.188000000001,2.8013
2020,Namibia,5765939.0,2070.828,2.8013
2020,Mauritania,2.33747165E8,130959.008,2.8013
2020,Ireland,3427.0,0.105,2.8013
2020,Mozambique,6601797.0,3909.993,2.8013
2020,Austria,33845.0,181.12,2.8013
2020,Burma,6996083.000000001,9028.663,2.8013
2020,Guatemala,10.0,0.001,2.8013
2020,Sweden,2.7649509E7,19242.067,2.8013
2020,Romania,6.4085356E7,46441.876000000004,2.8013
2020,Uzbekistan,400.0,0.43,2.8013
2020,Madagascar,132745.0,209.171,2.8013
2020,Luxembourg,27559.0,5.381,2.8013
2020,Switzerland,6478470.0,2710.887,2.8013
2020,Belarus,1.0,0.002,2.8013
2020,Spain,8.08953819E8,582766.4199999999,2.8013
2020,Japan,1041389.0,4423.700999999999,2.8013
2020,Bosnia and Herzegovina,431527.0,123.0,2.8013
2020,Israel,221.0,0.001,2.8013
2020,United Arab Emirates,3.1148055E7,34068.176,2.8013
2020,Morocco,1.14917047E8,126061.9,2.8013
2020,Grenada,49050.0,38.75,2.8013
2020,Sri Lanka,47288.0,36.324,2.8013
2020,Lebanon,115.0,0.035,2.8013
2020,Lithuania,187520.0,17.719,2.8013
2020,Brazil,2.450495393E9,1148571.7150000003,2.8013
2020,Dominican Republic,1.9266451E7,16437.739999999998,2.8013
2020,Germany,6952548.0,35664.723999999995,2.8013
2020,Portugal,1.67151684E8,142767.974,2.8013
2020,Singapore,599450.0,1622.472,2.8013
2020,Laos,3.6516128400000006E8,210341.988,2.8013
2020,Kenya,1021056.0,480.332,2.8013
2020,Argentina,426.0,0.039,2.8013
2020,Hungary,13.000000000000002,0.025,2.8013
2020,Bolivia,7941148.0,1172.645,2.8013
2020,Indonesia,2.314771977E9,1247432.487,2.8013
2020,Zimbabwe,2876859.0,2948.102,2.8013
2020,Bulgaria,4.09228742E8,381733.435,2.8013
2020,Finland,1.0646901800000001E8,63440.196,2.8013
2020,Albania,3.2022166E7,30918.101,2.8013
2020,Czechia,236.00000000000003,0.067,2.8013
2020,Eritrea,1.86524388E8,104991.12000000001,2.8013
2020,Saudi Arabia,5.0336762000000006E8,320253.995,2.8013
2020,Iran,3732598.0,2763.911,2.8013
2020,Papua New Guinea,7.03113258E8,294624.36,2.8013
2020,Ethiopia,263786.0,291.749,2.8013
2020,Zambia,1.66447246E8,159544.37000000002,2.8013
2020,China,1.67281E7,12730.244999999999,2.8013
2020,Benin,2861.0,21.411,2.8013
2020,Palestine,300561.0,189.68,2.8013
2020,Hong Kong,374148.0,349.475,2.8013
2020,Belgium,889526.0000000001,260.98299999999995,2.8013
2020,Turkey,3.989707E8,312918.148,2.8013
2020,Algeria,125.0,0.003,2.8013
2020,Republic of the Congo,3939421.0,3563.2729999999997,2.8013
2020,Philippines,5.3411908199999994E8,161488.52,2.8013
2020,India,9.7811674E7,77501.125,2.8013
2020,South Korea,3.8797551899999994E8,276284.855,2.8013
2020,Italy,594913.0,99.513,2.8013
2020,Democratic Republic of the Congo,7.44880252E8,1470349.635,2.8013
2020,Netherlands,1.0304949E7,3853.8770000000004,2.8013
2020,Canada,3.204498071E9,1279748.429,2.8013
2020,Botswana,2.6076772999999996E7,3153.573,2.8013
2020,United States,2.723344516E9,687981.876,2.8013
2020,United Kingdom,1339654.0,1335.156,2.8013
2020,South Africa,2.74864277E8,262811.048,2.8013
2018,Czechia,1554.0,3.271,2.9333
2018,Pakistan,121073.0,370.25600000000003,2.9333
2018,New Zealand,212.0,0.005,2.9333
2018,Tajikistan,7.5404374E7,38424.329,2.9333
2018,Georgia,5.80710932E8,344622.072,2.9333
2018,Cyprus,365.0,0.278,2.9333
2018,Tanzania,1710.0,0.11700000000000002,2.9333
2018,Kyrgyzstan,796802.0,315.09999999999997,2.9333
2018,Oman,1.7956145E7,11979.176,2.9333
2018,Tunisia,46172.0,93.932,2.9333
2018,Serbia,2437030.0,2361.7819999999997,2.9333
2018,Eswatini,916510.0,516.946,2.9333
2018,Sudan,87794.0,162.0,2.9333
2018,Sierra Leone,106.99999999999999,16.297,2.9333
2018,Bangladesh,138.0,0.003,2.9333
2018,Somalia,23636.999999999996,50.0,2.9333
2018,Malta,1315.0,0.743,2.9333
2018,Kazakhstan,1.248441021E9,1249745.488,2.9333
2018,Trinidad and Tobago,364.0,0.004,2.9333
2018,Greece,32567.999999999996,44.011,2.9333
2018,Armenia,8.99736011E8,553310.1610000001,2.9333
2018,Peru,1.2910299822E10,8265997.732000001,2.9333
2018,Australia,4.318876474E9,2098398.5970000005,2.9333
2018,Nigeria,458139.0,1625.2730000000001,2.9333
2018,Azerbaijan,3.183243E7,16997.311,2.9333
2018,North Macedonia,6.6745928E7,37386.523,2.9333
2018,Thailand,1.8335164E7,13526.026,2.9333
2018,Ecuador,2.9048239E7,20007.404,2.9333
2018,Poland,1.45185806E8,150413.61700000003,2.9333
2018,Namibia,3.728357E7,16237.405,2.9333
2018,Malaysia,1.99394983E8,178418.03,2.9333
2018,Colombia,5.5422505E7,39768.424,2.9333
2018,Norway,166.0,0.007,2.9333
2018,Russia,1.84311069E8,87747.96199999998,2.9333
2018,Burma,1779606.0,2583.096,2.9333
2018,Mongolia,2.0160019000000002E9,1436687.9020000002,2.9333
2018,Mauritania,2.10013353E8,131896.627,2.9333
2018,Vietnam,6857362.000000001,4021.787,2.9333
2018,Madagascar,435162.00000000006,455.618,2.9333
2018,Mali,2528.0,1.825,2.9333
2018,France,1.7847383E7,12004.93,2.9333
2018,Chile,1.7843142014E10,1.1120062958999999E7,2.9333
2018,Morocco,1.44177322E8,129396.65000000001,2.9333
2018,Uzbekistan,226.0,7.75,2.9333
2018,Switzerland,8190104.0,4930.185,2.9333
2018,Spain,2.276315724E9,1537823.826,2.9333
2018,Sweden,4.4869546E7,18163.123,2.9333
2018,Laos,6.02254136E8,399990.665,2.9333
2018,United Arab Emirates,3880097.0,2426.982,2.9333
2018,Lithuania,2827.0,1.05,2.9333
2018,Austria,249198.0,75.0,2.9333
2018,Japan,560120.0,27922.767000000003,2.9333
2018,Ghana,2251.9999999999995,40.112,2.9333
2018,Mexico,2.341230587E9,1621605.486,2.9333
2018,Bosnia and Herzegovina,547715.0,131.0,2.9333
2018,Kenya,288068.0,848.927,2.9333
2018,Singapore,1.7167558E7,1680.109,2.9333
2018,Ireland,1180075.0,391.562,2.9333
2018,Germany,3.1052586E7,57852.333,2.9333
2018,Ethiopia,48558.0,24.162,2.9333
2018,Zimbabwe,57148.0,35.813,2.9333
2018,Romania,8.7576027E7,50204.66999999999,2.9333
2018,Denmark,3.0,0.005,2.9333
2018,Zambia,2.1508756E7,11438.692000000003,2.9333
2018,Honduras,2272131.0,2075.528,2.9333
2018,Indonesia,4.223703381E9,1597403.398,2.9333
2018,Saudi Arabia,3.57422658E8,263488.178,2.9333
2018,Eritrea,9.6786883E7,69535.36,2.9333
2018,Brazil,2.571363532E9,1239295.49,2.9333
2018,Democratic Republic of the Congo,1.234173113E9,728714.4910000003,2.9333
2018,Dominican Republic,7.8955561E7,78332.81,2.9333
2018,Egypt,2642.0,0.911,2.9333
2018,Palestine,437924.00000000006,299.148,2.9333
2018,Bolivia,1.8207372E7,15147.401,2.9333
2018,Bulgaria,3.05122062E8,365532.13899999997,2.9333
2018,Republic of the Congo,157073.99999999997,427.712,2.9333
2018,Albania,7933941.0,7267.545,2.9333
2018,Chinese Taipei,2.4663287699999997E8,175620.723,2.9333
2018,Finland,1.83664815E8,105405.806,2.9333
2018,Philippines,7.33955628E8,325037.31100000005,2.9333
2018,Papua New Guinea,7.320828129999999E8,362631.39,2.9333
2018,China,2.2648751E7,17521.176000000003,2.9333
2018,India,1.07471193E8,99578.34399999998,2.9333
2018,South Korea,1.9727776999999997E8,107864.888,2.9333
2018,Turkey,1.26300325E8,120058.80799999999,2.9333
2018,Iran,4.80851281E8,248603.11599999998,2.9333
2018,Netherlands,1160047.9999999998,405.856,2.9333
2018,United States,1.639329955E9,628971.135,2.9333
2018,United Kingdom,1.3864779E7,2449.241,2.9333
2018,Cote d\'Ivoire,577776.0,180.0,2.9333
2018,Portugal,2.71036469E8,254337.68600000002,2.9333
2018,Argentina,3.66933031E8,127568.959,2.9333
2018,Botswana,6024924.999999999,6813.974,2.9333
2018,Italy,908594.0,305.01,2.9333
2018,South Africa,2.3089032000000003E8,208963.055,2.9333
2018,Canada,2.588108008E9,1161630.1709999999,2.9333
2018,Hong Kong,1813431.0,1482.742,2.9333
2018,Belgium,708142.0,621.4759999999999,2.9333
2017,Tajikistan,2.6721219E7,13434.339,2.8128
2017,Kyrgyzstan,673.0,1.466,2.8128
2017,Georgia,5.52621174E8,356463.151,2.8128
2017,Greece,1329598.0,1432.18,2.8128
2017,Barbados,499626.99999999994,132.225,2.8128
2017,Uganda,1476.9999999999998,0.515,2.8128
2017,Oman,3.771673E7,28125.945,2.8128
2017,North Macedonia,8.0189618E7,42314.76,2.8128
2017,Peru,1.2077372155E10,7947508.244,2.8128
2017,Malta,2067.0,1.401,2.8128
2017,Australia,3.636049553E9,1925786.586,2.8128
2017,Ukraine,1565.9999999999998,0.079,2.8128
2017,Cyprus,5967718.0,4946.647999999999,2.8128
2017,Serbia,6163923.0,4889.236000000001,2.8128
2017,Tanzania,3.7170268E7,7133.256000000001,2.8128
2017,Kazakhstan,1.109093747E9,1080176.442,2.8128
2017,Sudan,35779.0,244.991,2.8128
2017,Nicaragua,40620.0,24.0,2.8128
2017,Azerbaijan,2.1468303E7,12611.934000000001,2.8128
2017,Armenia,8.94559999E8,649823.742,2.8128
2017,Ecuador,2.7628419E7,16953.559,2.8128
2017,Poland,3.6075059E7,20556.994000000002,2.8128
2017,Malaysia,2.3160686899999997E8,242109.55899999998,2.8128
2017,Thailand,1609918.0000000002,376.97999999999996,2.8128
2017,Vietnam,2530542.9999999995,1117.342,2.8128
2017,Malawi,29941.0,43.978,2.8128
2017,Russia,1.939583E7,20397.564000000002,2.8128
2017,Mongolia,1.618144744E9,1447135.742,2.8128
2017,Burma,2235010.0,4713.793,2.8128
2017,Uzbekistan,3340.0,1.782,2.8128
2017,Syria,1499.0,0.575,2.8128
2017,Namibia,2.65562977E8,73872.55500000001,2.8128
2017,Norway,73.0,0.015,2.8128
2017,Chile,1.5922001812E10,9058805.725999998,2.8128
2017,Colombia,5.7911801E7,50839.16100000001,2.8128
2017,Nigeria,124099.0,375.739,2.8128
2017,Switzerland,1.8533289E7,729.218,2.8128
2017,Austria,379229.0,47.975,2.8128
2017,Madagascar,266397.99999999994,231.149,2.8128
2017,Ireland,164084.0,31.613,2.8128
2017,Sri Lanka,196.99999999999997,0.015,2.8128
2017,Mali,11.000000000000002,0.02,2.8128
2017,Mexico,1.9306430789999998E9,1474789.3760000002,2.8128
2017,Mauritania,2.19883819E8,139739.755,2.8128
2017,Japan,87362.0,166.76200000000003,2.8128
2017,Sweden,5.337347200000001E7,35835.460999999996,2.8128
2017,Bosnia and Herzegovina,99623.0,26.005,2.8128
2017,Kuwait,795.0,0.15,2.8128
2017,Singapore,1725271.0,3652.002,2.8128
2017,Honduras,520835.00000000006,340.39,2.8128
2017,Jordan,1744.0,0.268,2.8128
2017,Morocco,1.77087726E8,167688.13300000003,2.8128
2017,Romania,4.392919E7,38941.390999999996,2.8128
2017,Lithuania,820.0,0.133,2.8128
2017,Hungary,138192.99999999997,293.58,2.8128
2017,Laos,6.53481984E8,466015.478,2.8128
2017,United Arab Emirates,1.11304299E8,86882.687,2.8128
2017,Dominican Republic,5.6880073E7,62637.147999999994,2.8128
2017,Germany,1.3870072E7,43553.285,2.8128
2017,Bolivia,3.6697606E7,27171.730000000003,2.8128
2017,Kenya,124769.0,357.857,2.8128
2017,Brazil,2.465245068E9,1246196.224,2.8128
2017,Saudi Arabia,2.59402462E8,150092.92899999997,2.8128
2017,Zimbabwe,1201500.0,322.095,2.8128
2017,Gabon,401890.99999999994,83.656,2.8128
2017,Indonesia,3.171719706E9,1513778.511,2.8128
2017,Eritrea,3.7313543E7,29770.663000000004,2.8128
2017,Argentina,4.5730807E8,176382.66700000002,2.8128
2017,Papua New Guinea,7.75239165E8,415536.7,2.8128
2017,United Kingdom,1.1376496E7,11259.709,2.8128
2017,Finland,1.56487728E8,94716.731,2.8128
2017,Ethiopia,33800.0,92.643,2.8128
2017,Zambia,3.2475267E7,20142.859,2.8128
2017,Albania,1095019.0,3277.57,2.8128
2017,Czechia,132660.0,23.997,2.8128
2017,Portugal,3.53971997E8,278849.864,2.8128
2017,Belgium,5.8006997E7,45792.999,2.8128
2017,North Korea,98926.0,545.742,2.8128
2017,Bulgaria,2.67330816E8,355029.29400000005,2.8128
2017,New Zealand,203.0,0.002,2.8128
2017,Estonia,8243943.999999999,4829.3,2.8128
2017,Philippines,5.44617231E8,285792.06,2.8128
2017,France,6684107.0,3393.228,2.8128
2017,Democratic Republic of the Congo,1.112670395E9,706249.342,2.8128
2017,Netherlands,8392350.0,6130.733,2.8128
2017,Spain,1.923551632E9,1209484.3920000002,2.8128
2017,Republic of the Congo,3218864.0000000005,745.0,2.8128
2017,Slovakia,185463.0,34.0,2.8128
2017,Canada,2.73571099E9,1153645.485,2.8128
2017,Algeria,457.99999999999994,0.021,2.8128
2017,Chinese Taipei,5.99093035E8,329016.264,2.8128
2017,India,4.503769E7,45829.35,2.8128
2017,Egypt,16415.0,12.222,2.8128
2017,Turkey,2.59539037E8,248466.912,2.8128
2017,Hong Kong,3191500.0,2001.7710000000002,2.8128
2017,Iran,5.0053700900000006E8,543360.5769999999,2.8128
2017,Botswana,3491309.0,5027.326,2.8128
2017,Pakistan,313819.0,590.6679999999999,2.8128
2017,United States,1.732627375E9,536480.1340000001,2.8128
2017,Italy,841833.0,287.797,2.8128
2017,Cote d\'Ivoire,954440.9999999999,300.0,2.8128
2017,South Africa,2.2807196499999997E8,240939.101,2.8128
2017,South Korea,1.35942828E8,84667.05600000001,2.8128
2017,China,1796866.0,1917.852,2.8128
2016,Malta,15.0,0.012,2.201
2016,Cyprus,1.0,0.001,2.201
2016,Greece,2789.9999999999995,0.101,2.201
2016,Oman,4.87484E7,101847.002,2.201
2016,Georgia,2.93480339E8,283083.337,2.201
2016,Serbia,1895795.0,1980.958,2.201
2016,Pakistan,569864.0,369.828,2.201
2016,Montenegro,2420024.0,1978.0,2.201
2016,Peru,8.907412218E9,7602329.584000002,2.201
2016,Tajikistan,2.4385385E7,11224.934000000001,2.201
2016,Kazakhstan,4.60926297E8,615414.451,2.201
2016,Colombia,3.615692500000001E7,39053.851,2.201
2016,Ecuador,1.1316839E7,8552.214,2.201
2016,North Macedonia,6.129402899999999E7,47974.192,2.201
2016,Chinese Taipei,8.11064122E8,560159.189,2.201
2016,Tanzania,1.06072688E8,6090.814,2.201
2016,Kyrgyzstan,1560.0,1.516,2.201
2016,Sudan,5.0,0.01,2.201
2016,Russia,1.1499953E7,16866.648,2.201
2016,Malaysia,6.9703642E7,73077.665,2.201
2016,Chile,1.2288651725E10,6945165.52,2.201
2016,Nigeria,255584.0,200.995,2.201
2016,Namibia,5.44656784E8,86212.483,2.201
2016,Mongolia,1.610587914E9,1561535.089,2.201
2016,Iceland,138458.0,30.684,2.201
2016,France,1042686.0,232.269,2.201
2016,Armenia,5.38107834E8,513640.171,2.201
2016,Sweden,2.0,0.001,2.201
2016,Mexico,1.700261397E9,1236950.7479999997,2.201
2016,Azerbaijan,1.5932219E7,11583.908,2.201
2016,Malawi,2641.0,0.5,2.201
2016,Norway,883.0,0.129,2.201
2016,Burma,3067077.0,2271.625,2.201
2016,Thailand,2.1769237E7,38417.751000000004,2.201
2016,Romania,3.3140841E7,41766.03,2.201
2016,Madagascar,190030.00000000003,233.072,2.201
2016,Vietnam,1005187.0,547.876,2.201
2016,Japan,684382.0,3041.7960000000003,2.201
2016,Brazil,1.940883112E9,1150018.51,2.201
2016,Mauritania,2.43791979E8,191133.236,2.201
2016,Switzerland,4.0497238E7,47794.46799999999,2.201
2016,Bosnia and Herzegovina,413213.0,120.0,2.201
2016,Lebanon,497.00000000000006,0.105,2.201
2016,Laos,5.43369771E8,341897.332,2.201
2016,Morocco,1.3887801E8,131067.449,2.201
2016,United Arab Emirates,2.2100268E7,17259.901,2.201
2016,Bolivia,3.1556622E7,30068.343,2.201
2016,Kenya,21850.0,91.943,2.201
2016,Dominican Republic,5.1167316E7,76200.73000000001,2.201
2016,Germany,1.9973248E7,42164.355,2.201
2016,United Kingdom,883691.0,156.14499999999998,2.201
2016,Eritrea,1.59529558E8,109623.379,2.201
2016,Singapore,6398652.0,5652.9169999999995,2.201
2016,Denmark,2.0,0.001,2.201
2016,Finland,4.8585744E7,23709.621,2.201
2016,Hungary,242330.0,579.3950000000001,2.201
2016,Papua New Guinea,4.08446314E8,248204.077,2.201
2016,Argentina,6.30985879E8,329093.514,2.201
2016,Palestine,308728.0,0.0,2.201
2016,Zimbabwe,1100052.0,31.804000000000002,2.201
2016,Austria,394657.0,118.0,2.201
2016,New Zealand,626.0,0.086,2.201
2016,Bulgaria,1.89432757E8,376669.69200000004,2.201
2016,Indonesia,3.471680061E9,1913236.999,2.201
2016,Netherlands,1.0652105E7,11106.144,2.201
2016,Portugal,2.93482295E8,323445.593,2.201
2016,North Korea,2.0863453E7,15860.216,2.201
2016,Saudi Arabia,1.70628725E8,118731.64,2.201
2016,Zambia,1.3788574E7,10013.719000000001,2.201
2016,Canada,2.72927391E9,1618963.4670000002,2.201
2016,Italy,1033415.0,379.28099999999995,2.201
2016,Philippines,5.82491548E8,320613.79600000003,2.201
2016,Spain,1.065778469E9,775614.6630000001,2.201
2016,India,2.7937570000000004E7,75487.372,2.201
2016,Belgium,2.7298317E7,20676.729,2.201
2016,Czechia,11792.0,4.026,2.201
2016,Democratic Republic of the Congo,6.26756609E8,543319.732,2.201
2016,Turkey,1.97896922E8,245673.36800000002,2.201
2016,Albania,484816.99999999994,379.795,2.201
2016,South Korea,3.999384E7,39993.903000000006,2.201
2016,China,8756647.0,9064.260000000002,2.201
2016,Australia,3.632663553E9,1922441.5059999998,2.201
2016,United States,1.642610536E9,556527.418,2.201
2016,Botswana,2254372.0,2291.804,2.201
2016,Republic of the Congo,249882.0,244.637,2.201
2016,Hong Kong,5640866.0,8733.52,2.201
2016,Slovakia,2122074.0,205.3,2.201
2016,South Africa,1.07041585E8,115763.38500000001,2.201
2016,Poland,8.1064847E7,75807.11899999999,2.201
2016,Iran,4.78653618E8,558264.607,2.201
2016,Angola,19.0,0.02,2.201
2015,Uruguay,122.0,0.098,2.4947
2015,Suriname,11.000000000000002,0.008,2.4947
2015,Croatia,849.0000000000001,0.681,2.4947
2015,Venezuela,5.0,0.004,2.4947
2015,Peru,6.623292687E9,5121068.864000002,2.4947
2015,Turkmenistan,1.0,0.001,2.4947
2015,Tanzania,1.35962646E8,21751.634,2.4947
2015,Tajikistan,1.4838701E7,6801.237,2.4947
2015,Guyana,2.0,0.001,2.4947
2015,Greece,6205.0,5.005,2.4947
2015,Uganda,12159.0,0.7040000000000001,2.4947
2015,Oman,1.73832055E8,129492.54699999999,2.4947
2015,Serbia,1377027.0,1166.193,2.4947
2015,Belize,16.0,0.013,2.4947
2015,Paraguay,19.0,0.015,2.4947
2015,Georgia,2.74661136E8,239613.57200000001,2.4947
2015,Nepal,225.0,0.194,2.4947
2015,Pakistan,2574663.0000000005,5894.206,2.4947
2015,Cyprus,606.0,0.49,2.4947
2015,Malta,368.0,0.298,2.4947
2015,Bahrain,22926.0,192.005,2.4947
2015,Australia,4.110331726E9,2061704.3539999998,2.4947
2015,Eswatini,2.0,0.001,2.4947
2015,Kyrgyzstan,4923.0,2.45,2.4947
2015,Cambodia,176626.0,278.603,2.4947
2015,Ukraine,130456.00000000001,717.4150000000001,2.4947
2015,Panama,7333457.0,11214.05,2.4947
2015,Tunisia,20118.0,100.592,2.4947
2015,Bhutan,6.999999999999999,0.006,2.4947
2015,Kazakhstan,3.11062027E8,391007.267,2.4947
2015,British Virgin Islands,10.0,0.008,2.4947
2015,Ecuador,2625660.0,1448.855,2.4947
2015,Armenia,3.68457904E8,311574.88999999996,2.4947
2015,Nicaragua,9.000000000000002,0.007,2.4947
2015,Sudan,226.0,0.009,2.4947
2015,Russia,5.7216843E7,47724.22,2.4947
2015,Azerbaijan,6649288.0,4296.372,2.4947
2015,Namibia,8.0332351E7,25651.382,2.4947
2015,Malawi,1.0,0.001,2.4947
2015,North Macedonia,5.415789800000001E7,47320.136999999995,2.4947
2015,Bangladesh,251.0,0.204,2.4947
2015,Colombia,4.6685068E7,42571.983,2.4947
2015,Nigeria,2120479.0,2006.8780000000002,2.4947
2015,Mauritius,21.0,0.015,2.4947
2015,Malaysia,7.9247834E7,69139.364,2.4947
2015,Thailand,2.6757077E7,19164.887000000002,2.4947
2015,Chile,1.3040451385E10,8835626.845999999,2.4947
2015,Mongolia,2.276917783E9,1477790.002,2.4947
2015,Madagascar,902687.0,1032.491,2.4947
2015,Norway,27624.0,0.96,2.4947
2015,Burma,7183446.0,21056.921000000002,2.4947
2015,Latvia,2454.0,1.972,2.4947
2015,Mauritania,2.8780836699999994E8,230262.3,2.4947
2015,Syria,1.0,0.001,2.4947
2015,Mali,6.999999999999999,0.005,2.4947
2015,Iceland,145.0,0.118,2.4947
2015,Switzerland,2.3530120199999997E8,79592.846,2.4947
2015,Luxembourg,6992.999999999999,5.586,2.4947
2015,Vietnam,3.0984025E7,15192.292000000001,2.4947
2015,Morocco,1.426665E8,130506.383,2.4947
2015,Romania,3.8573702E7,50350.30900000001,2.4947
2015,Libya,16.0,0.012,2.4947
2015,Spain,1.0722252110000001E9,834781.218,2.4947
2015,Mexico,1.236895187E9,918662.1789999999,2.4947
2015,Sri Lanka,64.0,0.051,2.4947
2015,Laos,4.88632538E8,319362.529,2.4947
2015,Kenya,15600.0,125.359,2.4947
2015,Sweden,75446.0,60.45,2.4947
2015,Brazil,2.013009309E9,1082067.374,2.4947
2015,Lithuania,5777.0,4.644,2.4947
2015,Kuwait,4.0,0.003,2.4947
2015,Guatemala,571.0,0.547,2.4947
2015,France,471751.0,177.114,2.4947
2015,Bolivia,4.750009099999999E7,40799.175,2.4947
2015,Ghana,12.0,0.009,2.4947
2015,Gambia,3.0,0.002,2.4947
2015,Belarus,185.0,0.147,2.4947
2015,Dominican Republic,3.6624416E7,36369.013,2.4947
2015,Lebanon,13067.0,7.925,2.4947
2015,United Arab Emirates,1.5438221E7,10160.796,2.4947
2015,Ireland,73158.0,36.248000000000005,2.4947
2015,Japan,513205.0,32323.765,2.4947
2015,Equatorial Guinea,10.0,0.007,2.4947
2015,Zambia,3.4931672E7,30886.965000000004,2.4947
2015,Ethiopia,2715.0,0.5860000000000001,2.4947
2015,Singapore,7.1377876E7,129151.75600000002,2.4947
2015,Argentina,4.92703439E8,266007.902,2.4947
2015,Zimbabwe,1820836.0,378.83799999999997,2.4947
2015,Jordan,61.0,0.048,2.4947
2015,Egypt,1385.0,0.248,2.4947
2015,Cuba,6.0,0.004,2.4947
2015,Papua New Guinea,3.14842111E8,180638.035,2.4947
2015,Costa Rica,263.0,0.215,2.4947
2015,Eritrea,3.80445252E8,241486.08199999997,2.4947
2015,Slovenia,8293.0,6.654,2.4947
2015,Bosnia and Herzegovina,366629.00000000006,101.001,2.4947
2015,Indonesia,3.099080407E9,1704584.791,2.4947
2015,Portugal,4.07091929E8,366196.592,2.4947
2015,Slovakia,5645.0,4.536,2.4947
2015,Cameroon,1.0,0.001,2.4947
2015,Finland,3.4053003E7,25635.546000000002,2.4947
2015,Hungary,13524.0,10.440999999999999,2.4947
2015,Democratic Republic of the Congo,3.01634981E8,297745.84700000007,2.4947
2015,Albania,1.1334892E7,12967.171,2.4947
2015,New Zealand,661.0,0.299,2.4947
2015,Austria,97447.0,45.464,2.4947
2015,Germany,1.9665894E7,44149.248999999996,2.4947
2015,Republic of the Congo,3.1179421E7,7957.232,2.4947
2015,Qatar,15.0,0.012,2.4947
2015,Israel,565.0,0.435,2.4947
2015,Saudi Arabia,7.5667089E7,51408.867,2.4947
2015,Denmark,56602.00000000001,42.756,2.4947
2015,Hong Kong,1.7976677999999996E7,15356.82,2.4947
2015,Turkey,2.47617539E8,292943.784,2.4947
2015,Czechia,18970.0,13.55,2.4947
2015,Angola,13.999999999999998,0.011,2.4947
2015,United States,2.031901147E9,834491.3509999998,2.4947
2015,China,2.1218289E7,15635.958999999999,2.4947
2015,Poland,65756.99999999999,51.916,2.4947
2015,United Kingdom,3024142.0,755.838,2.4947
2015,Canada,2.771136334E9,1338154.2790000003,2.4947
2015,Netherlands,1.21460229E8,93616.57,2.4947
2015,India,4.078560500000001E7,48304.67600000001,2.4947
2015,South Africa,2.76794754E8,194353.578,2.4947
2015,Italy,1754039.0,630.041,2.4947
2015,Botswana,1.44374886E8,109323.45800000001,2.4947
2015,Burkina Faso,5.0,0.004,2.4947
2015,Iran,2.45854922E8,271283.472,2.4947
2015,Belgium,1.6126276000000002E7,19977.457000000002,2.4947
2015,North Korea,1.564159E7,33949.7,2.4947
2015,Bulgaria,1.69180801E8,372536.279,2.4947
2015,Chinese Taipei,1.21906658E8,38073.335,2.4947
2015,Estonia,2937.0,2.363,2.4947
2015,South Korea,9.4463956E7,68908.66,2.4947
2015,Philippines,6.40240413E8,365212.397,2.4947
2014,North Korea,1.5373657E7,29558.548,3.1058
2014,Iran,6.721913E7,48867.413,3.1058
2014,Greece,819291.0,311.315,3.1058
2014,Philippines,7.81672803E8,388244.765,3.1058
2014,Iraq,262.0,0.15,3.1058
2014,Pakistan,4969503.0,7103.727999999999,3.1058
2014,Tajikistan,1.3542023000000002E7,6495.848,3.1058
2014,Ecuador,2.0323263E7,12402.719000000001,3.1058
2014,Oman,5.7861064E7,171201.64400000003,3.1058
2014,Serbia,1.4553351E7,12036.11,3.1058
2014,Poland,5.2222653E7,27654.054,3.1058
2014,Kyrgyzstan,3722.0000000000005,18.844,3.1058
2014,Chinese Taipei,6.1722484E7,5526.557,3.1058
2014,Hong Kong,3031203.0,3790.929,3.1058
2014,Peru,7.016615351E9,3901692.4910000004,3.1058
2014,North Macedonia,6.1233659E7,42035.532999999996,3.1058
2014,Georgia,2.44749627E8,187282.384,3.1058
2014,Cambodia,1370.0,50.0,3.1058
2014,Panama,8835680.0,7446.695,3.1058
2014,Tanzania,2.44566341E8,41940.46899999999,3.1058
2014,Ukraine,33021.0,10.006,3.1058
2014,Colombia,1.8197597E7,10763.987,3.1058
2014,Kazakhstan,8.39342009E8,683812.2220000001,3.1058
2014,Australia,5.373453527E9,2325368.776,3.1058
2014,Luxembourg,552.9999999999999,0.016,3.1058
2014,Russia,1.7924923E7,18531.974000000002,3.1058
2014,Norway,307.0,0.003,3.1058
2014,Nigeria,896555.0,1247.83,3.1058
2014,Thailand,3750501.0,804.736,3.1058
2014,Sudan,11.000000000000002,0.002,3.1058
2014,India,2.0048503E7,14766.538,3.1058
2014,Chile,1.5946815427E10,7664588.317,3.1058
2014,Bahrain,26991.999999999996,25.0,3.1058
2014,Ireland,281022.0,74.27199999999999,3.1058
2014,Malaysia,5.3743369E7,37565.024999999994,3.1058
2014,Mozambique,37333.0,121.422,3.1058
2014,Mauritius,75651.00000000001,222.826,3.1058
2014,Mauritania,1.90185185E8,120124.07,3.1058
2014,Switzerland,8.9620364E7,43168.265999999996,3.1058
2014,Namibia,2.49350924E8,51042.327,3.1058
2014,Mexico,1.555083379E9,788631.996,3.1058
2014,Burma,2.2421783E7,33807.833,3.1058
2014,Azerbaijan,4625842.0,2747.854,3.1058
2014,Vietnam,1.2878579E7,4808.906,3.1058
2014,Mongolia,2.580773541E9,1378959.7319999996,3.1058
2014,Armenia,3.84097588E8,228267.76499999996,3.1058
2014,Guatemala,70.0,0.003,3.1058
2014,Brazil,1.850194113E9,872005.852,3.1058
2014,Romania,5.4203273E7,46962.858,3.1058
2014,Denmark,18549.0,8.15,3.1058
2014,Germany,2.9245189E7,51723.902,3.1058
2014,Japan,1167713.0,3312.153,3.1058
2014,Madagascar,209586.0,33.99,3.1058
2014,Morocco,1.10883924E8,75321.946,3.1058
2014,Bolivia,5.9775944E7,47301.814,3.1058
2014,Finland,2.3854277E7,12166.564,3.1058
2014,United Kingdom,66548.0,8.841,3.1058
2014,Singapore,3.2205242E7,13703.638,3.1058
2014,Austria,637892.0,340.679,3.1058
2014,Laos,5.3558088400000006E8,304692.90599999996,3.1058
2014,Argentina,9.35375953E8,409512.40100000007,3.1058
2014,United Arab Emirates,4866038.999999999,2954.7690000000002,3.1058
2014,Bosnia and Herzegovina,511519.0,117.504,3.1058
2014,Kenya,940512.0,1451.556,3.1058
2014,Dominican Republic,6.1898495E7,48099.537,3.1058
2014,Eritrea,5.07757913E8,238840.295,3.1058
2014,Netherlands,1.46254358E8,87715.74799999999,3.1058
2014,Algeria,581156.9999999999,293.717,3.1058
2014,France,471556.0,125.75,3.1058
2014,Italy,1613593.0,373.48800000000006,3.1058
2014,Spain,1.2665202240000002E9,681921.8440000002,3.1058
2014,Saudi Arabia,6.436629300000001E7,43565.693999999996,3.1058
2014,Albania,1.2581983E7,1667.369,3.1058
2014,Turkey,3.9709242E8,345311.3,3.1058
2014,Zambia,9.4754435E7,36399.017,3.1058
2014,United States,2.491418202E9,843939.523,3.1058
2014,Egypt,42648.99999999999,5.01,3.1058
2014,Canada,3.264363227E9,1277064.9099999997,3.1058
2014,Czechia,10.0,0.002,3.1058
2014,Belgium,1125673.0,860.0759999999999,3.1058
2014,China,3704324.0,2948.005,3.1058
2014,Bulgaria,2.47791567E8,240913.09100000001,3.1058
2014,Republic of the Congo,560780.0,380.47900000000004,3.1058
2014,South Korea,2.5991079E7,15792.729000000001,3.1058
2014,Zimbabwe,558947.0,609.224,3.1058
2014,Papua New Guinea,7.37826586E8,357371.42899999995,3.1058
2014,Indonesia,2.064519663E9,753446.936,3.1058
2014,Botswana,2.21247661E8,179214.956,3.1058
2014,Slovenia,118.00000000000001,0.002,3.1058
2014,South Africa,4.78657947E8,294972.89499999996,3.1058
2014,Portugal,4.69453161E8,336974.212,3.1058
2014,Democratic Republic of the Congo,1.283544831E9,326050.392,3.1058
2013,Albania,3.8389602E7,38111.243,3.3385
2013,North Korea,9917619.0,24704.476,3.3385
2013,Saudi Arabia,7.1815441E7,41211.213,3.3385
2013,Iran,6.044976700000001E7,81569.867,3.3385
2013,Philippines,7.76594745E8,394817.339,3.3385
2013,Czechia,4939.0,4.33,3.3385
2013,Fiji,6082.999999999999,0.51,3.3385
2013,Peru,7.780880155E9,3829910.766999999,3.3385
2013,South Africa,5.08727484E8,279395.26800000004,3.3385
2013,Canada,2.890767452E9,844120.039,3.3385
2013,Suriname,10.0,0.001,3.3385
2013,North Macedonia,7.9061312E7,51820.172,3.3385
2013,Uganda,171745.0,114.879,3.3385
2013,Serbia,5944447.0,4155.549,3.3385
2013,Hong Kong,8089943.0,69.67099999999999,3.3385
2013,Kyrgyzstan,6586.0,22.5,3.3385
2013,Poland,8963.0,2.9,3.3385
2013,Oman,4.665279300000001E7,33928.591,3.3385
2013,Kazakhstan,5.78512607E8,539631.059,3.3385
2013,Chinese Taipei,6.592191E7,10681.985,3.3385
2013,Cyprus,493.0,0.087,3.3385
2013,Georgia,2.18808962E8,130737.71800000001,3.3385
2013,Ecuador,2.1459185E7,10294.252,3.3385
2013,Tunisia,2.0,0.006,3.3385
2013,Pakistan,1.1181874E7,7412.012999999999,3.3385
2013,France,4054496.0,2283.986,3.3385
2013,Tanzania,1.73112687E8,32624.236999999997,3.3385
2013,Australia,6.024150071E9,2287618.8539999994,3.3385
2013,Nigeria,1115715.0,1877.42,3.3385
2013,Belgium,4166598.0,2691.085,3.3385
2013,Ireland,811654.9999999999,35.84,3.3385
2013,Colombia,4238121.0,2720.37,3.3385
2013,Rwanda,146.0,0.069,3.3385
2013,Russia,3.9310059E7,27278.402000000002,3.3385
2013,Chile,1.7379489234E10,7274105.303,3.3385
2013,Chad,1.4857545E7,6348.0,3.3385
2013,Eswatini,1730.9999999999998,0.411,3.3385
2013,Norway,370634.00000000006,52.559,3.3385
2013,Spain,1.361701725E9,737069.887,3.3385
2013,Mozambique,24342.0,64.93,3.3385
2013,Mongolia,9.47989704E8,649715.718,3.3385
2013,Malaysia,3.7346058E7,75216.184,3.3385
2013,Mauritania,4.01634504E8,223557.56399999998,3.3385
2013,Armenia,3.79899711E8,235689.364,3.3385
2013,Madagascar,447097.00000000006,459.39799999999997,3.3385
2013,Azerbaijan,8270065.0,2936.583,3.3385
2013,Thailand,1.52322365E8,86693.97300000001,3.3385
2013,Namibia,2.38441127E8,51850.60599999999,3.3385
2013,Switzerland,4.53319387E8,207950.82600000003,3.3385
2013,Romania,5.4720978E7,44791.104,3.3385
2013,Uzbekistan,25.0,0.001,3.3385
2013,Sweden,7099.0,2.7939999999999996,3.3385
2013,Kenya,298659.0,462.966,3.3385
2013,Morocco,8.0687669E7,57511.777,3.3385
2013,Burma,2.5997068E7,31559.643,3.3385
2013,India,3.9626184E7,27071.191,3.3385
2013,Brazil,1.778351006E9,854673.2279999999,3.3385
2013,Vietnam,4.0503162E7,20557.825,3.3385
2013,Germany,2.6031231E7,47416.38700000001,3.3385
2013,Ethiopia,80.0,0.006,3.3385
2013,Eritrea,6.4202585E7,31815.615999999998,3.3385
2013,United Kingdom,247453.0,22.801000000000002,3.3385
2013,Guatemala,18.000000000000004,0.001,3.3385
2013,Finland,1.1001876000000002E7,5648.0380000000005,3.3385
2013,Denmark,5955.0,1.21,3.3385
2013,Bolivia,5.8464551E7,53134.668999999994,3.3385
2013,United Arab Emirates,2165734.0,550.6780000000001,3.3385
2013,Japan,1257530.0,27607.112,3.3385
2013,Ghana,176147.00000000003,40.4,3.3385
2013,Mexico,1.516570389E9,695571.6840000001,3.3385
2013,Lebanon,6367.000000000001,0.659,3.3385
2013,Singapore,853658.0,2140.811,3.3385
2013,Austria,730008.0,439.65,3.3385
2013,Zimbabwe,1094705.0,797.549,3.3385
2013,South Korea,8471881.0,11056.908,3.3385
2013,Papua New Guinea,8.56730086E8,344795.54199999996,3.3385
2013,Netherlands,7.2365588E7,52554.33,3.3385
2013,Portugal,4.88222446E8,321055.994,3.3385
2013,China,2343171.0,1465.867,3.3385
2013,Bulgaria,3.41484709E8,218703.254,3.3385
2013,Zambia,8.0843049E7,52618.206999999995,3.3385
2013,Italy,1460381.0,261.539,3.3385
2013,Botswana,1.71225707E8,77722.462,3.3385
2013,Democratic Republic of the Congo,1.373429964E9,494844.053,3.3385
2013,Republic of the Congo,1.8684965E7,6535.4039999999995,3.3385
2013,Turkey,5.55456982E8,437896.952,3.3385
2013,United States,2.211080601E9,659121.5360000001,3.3385
2013,Indonesia,2.910088721E9,1449057.934,3.3385
2013,Dominican Republic,8.9770572E7,55555.129,3.3385
2013,Bosnia and Herzegovina,382804.0,85.001,3.3385
2013,Laos,1.036531992E9,214083.404,3.3385
2013,Argentina,1.021093677E9,412535.03699999995,3.3385
2012,Burma,1.9828767E7,23974.024,3.6101
2012,Zimbabwe,382223.0,325.0,3.6101
2012,Macau,9653130.0,5.957,3.6101
2012,Zambia,2.6770806E7,21097.971,3.6101
2012,Peru,8.150885458E9,3827402.36,3.6101
2012,Ecuador,5494029.0,2445.632,3.6101
2012,Kuwait,199551.0,0.0,3.6101
2012,Laos,5.3635538E8,159543.254,3.6101
2012,Bosnia and Herzegovina,62010.99999999999,43.782,3.6101
2012,Poland,16323.0,5.699,3.6101
2012,Greece,189158.0,42.214999999999996,3.6101
2012,Denmark,75215.0,25.992,3.6101
2012,Singapore,2186303.0,4143.089000000001,3.6101
2012,Colombia,1.4998822E7,6508.76,3.6101
2012,Canada,2.95176073E9,828481.33,3.6101
2012,Hong Kong,1.2553845000000002E7,8691.675999999998,3.6101
2012,Ukraine,45985.0,0.645,3.6101
2012,Chile,1.5900707443E10,6028927.331999999,3.6101
2012,Austria,605992.0,514.4110000000001,3.6101
2012,Tanzania,4.59567E7,11378.817000000001,3.6101
2012,Cyprus,496.0,0.389,3.6101
2012,Bulgaria,3.73836329E8,203513.38999999998,3.6101
2012,Georgia,5.3437577E7,38797.187,3.6101
2012,South Africa,5.20207862E8,271366.87299999996,3.6101
2012,Iran,2.03776403E8,105028.53899999999,3.6101
2012,North Korea,1.6654505000000002E7,26325.007,3.6101
2012,Australia,5.693576528E9,2037778.996,3.6101
2012,Serbia,1.2404184E7,6550.616,3.6101
2012,Czechia,6930.0,6.6000000000000005,3.6101
2012,North Macedonia,7.8259681E7,45119.415,3.6101
2012,Saudi Arabia,1.1398681E7,6050.0,3.6101
2012,Tajikistan,1.7613243000000004E7,5229.603,3.6101
2012,Turkey,4.50373829E8,346062.552,3.6101
2012,Philippines,8.11959607E8,429152.8069999999,3.6101
2012,Albania,4.0350849E7,29368.825,3.6101
2012,Nigeria,559203.0,884.804,3.6101
2012,Nicaragua,475.0,0.101,3.6101
2012,South Korea,8863555.0,13664.975000000002,3.6101
2012,Sudan,795.9999999999999,0.27,3.6101
2012,Russia,4.7642182E7,43625.21799999999,3.6101
2012,Tunisia,434.0,0.03,3.6101
2012,Ireland,1989003.0,159.936,3.6101
2012,Pakistan,3515463.0000000005,2586.124,3.6101
2012,Cambodia,4818.000000000001,20.0,3.6101
2012,Brazil,1.585448226E9,679313.3220000002,3.6101
2012,Azerbaijan,2315316.0000000005,749.923,3.6101
2012,Armenia,6.9583104E7,44338.296,3.6101
2012,Mauritania,4.16510299E8,216794.977,3.6101
2012,Luxembourg,24509.0,3.191,3.6101
2012,Malawi,17896.0,43.2,3.6101
2012,Mozambique,140778.0,100.0,3.6101
2012,Namibia,2.04781713E8,44274.83,3.6101
2012,Kazakhstan,8.21256289E8,764070.7280000001,3.6101
2012,Madagascar,415306.99999999994,681.003,3.6101
2012,Morocco,7.5161324E7,48915.037,3.6101
2012,Sweden,9653060.0,4063.402,3.6101
2012,Kenya,60560.0,60.114000000000004,3.6101
2012,Oman,1.1827706999999999E8,152675.14,3.6101
2012,Bolivia,4.5896656E7,46717.38,3.6101
2012,Spain,1.223111889E9,547501.4789999999,3.6101
2012,Romania,5.585882800000001E7,41871.15700000001,3.6101
2012,Mexico,1.612940253E9,597621.698,3.6101
2012,France,8487721.0,3367.135,3.6101
2012,Gabon,327.0,0.64,3.6101
2012,Chinese Taipei,3.3943611E7,13877.923999999999,3.6101
2012,India,2101338.0000000005,1698.3220000000001,3.6101
2012,Mongolia,9.051307820000001E8,535483.12,3.6101
2012,Switzerland,3.2141845E8,141623.219,3.6101
2012,Thailand,3.0957142E7,7551.4800000000005,3.6101
2012,Portugal,5.32883187E8,315581.071,3.6101
2012,Dominica,4554959.0,2587.0,3.6101
2012,Democratic Republic of the Congo,8.33716975E8,276936.76499999996,3.6101
2012,Argentina,1.509655593E9,525406.845,3.6101
2012,Belgium,8993217.0,2630.4770000000003,3.6101
2012,Papua New Guinea,1.119422724E9,418411.174,3.6101
2012,Italy,1296055.0,236.03799999999998,3.6101
2012,Germany,1.8027362999999996E7,52184.09200000001,3.6101
2012,Botswana,6.3974179E7,36110.64,3.6101
2012,Japan,435627.0,95.46199999999999,3.6101
2012,United Arab Emirates,20026.0,71.694,3.6101
2012,Indonesia,2.339965162E9,1118838.3599999999,3.6101
2012,Malaysia,2461446.0000000005,3778.5080000000003,3.6101
2012,United States,2.220777185E9,661225.0090000001,3.6101
2012,Angola,149.0,1.265,3.6101
2012,Vietnam,8101754.0,4675.552,3.6101
2012,Dominican Republic,1.41725116E8,65829.568,3.6101
2012,United Kingdom,110500.0,6.383,3.6101
2012,Netherlands,1.2596999999999998E7,6632.776,3.6101
2012,China,2183273.0,1954.038,3.6101
2012,Finland,23927.000000000004,0.616,3.6101
2012,Republic of the Congo,532828.0,205.807,3.6101
2012,Algeria,948.0,0.195,3.6101
