year|exporter_name|export_value_in_dollars|export_quantity_in_metric_tons
1998|Czechia|5520.0|1.0
2000|Indonesia|4.6432372E7|1467816.418
2009|Poland|42606.0|22.977
2016|Zambia|256.0|0.317
2006|Czechia|24551.0|207.985
2008|Colombia|1104.0|11.825000000000001
2011|China|1362662.0|403.339
2011|Syria|408898.0|34.525
2015|Indonesia|4266929.0|175201.75199999998
2018|Greece|889338.0|7981.16
2020|Australia|3.08294035E8|221463.19199999998
1997|Burma|27116.999999999996|71.578
2001|Republic of the Congo|405686.0|185.246
2005|Czechia|48367.0|399.85
2009|Cape Verde|134.0|0.001
2013|Hong Kong|328989.0|73.589
2016|Nigeria|1911.0|2.312
2018|France|433213.0|272.559
1999|Switzerland|2538.0000000000005|0.179
2001|Mexico|3546.0000000000005|0.799
2008|Mexico|82778.0|184.46
2010|Sweden|30627.999999999996|10.110999999999999
2012|Russia|1.8654216E7|67340.715
2017|Thailand|493103.0|1055.714
2018|Belgium|1653.0000000000002|5.992
2019|Japan|1352687.0|692.7620000000001
2020|Russia|8.7747806E7|150358.108
2021|Turkey|1.5720564E7|261884.316
1995|Japan|30610.0|4.648
1996|United States|4528778.0|1369.6720000000003
2001|Japan|123700.99999999999|195.583
2012|India|133767.0|212.166
2012|North Macedonia|978248.0000000001|16219.07
2016|Tanzania|172081.0|215.38899999999998
1999|Chinese Taipei|2741.0|0.5
2000|France|111740.0|186.28900000000002
2011|Italy|230195.00000000003|6.164999999999999
2013|Australia|9.151096219999999E8|547464.1
2020|Zimbabwe|2.5428091299999997E8|180272.55299999999
2020|Indonesia|2.0252771500000003E8|3837466.107
1995|Ireland|1217.0|3.562
2001|Zimbabwe|1853295.0|3997.88
2007|Singapore|1341647.0|627.899
2008|Germany|2565890.0|341.978
2009|Hungary|30241.0|74.32
2020|South Africa|5.801413899999999E7|37853.33899999999
2021|Norway|4101475.9999999995|9200.028
2001|United Kingdom|624430.0|107.36999999999999
2004|Singapore|230.0|0.024
2008|Panama|103.00000000000001|0.017
2012|Czechia|342846.0|22.632
2019|Zimbabwe|2.3023553300000003E8|239345.58499999996
1997|Australia|1.25433044E8|183889.75399999996
1998|Switzerland|1505.0|0.097
2000|Belarus|1400.0|1.1
2007|Denmark|2.1205406E7|654.975
2009|Spain|8.7667468E7|101331.736
2012|Finland|8.2398547E7|979.1340000000001
2013|Vietnam|1.0641022999999998E7|411.88200000000006
2019|France|538801.0|100.265
1998|Bulgaria|10141.0|50.0
1999|Morocco|1082056.0|2650.0
2000|Botswana|137671.0|1457.6
2000|Hong Kong|996.0|3.117
2005|Malaysia|85752.0|97.001
2009|Portugal|26791.0|6.205
2013|Brazil|4.5884654E7|25406.495999999996
2019|Chile|141.0|0.008
2019|Chinese Taipei|92849.0|89.9
1997|Chinese Taipei|4155.0|0.5
2000|Finland|1.0684787E7|25759.404000000002
2005|Ireland|8652.000000000002|0.697
2007|Kazakhstan|26400.0|342.345
2014|Portugal|147152.00000000003|89.715
2017|China|369037.0|477.51599999999996
1996|Germany|429494.0|62.985
2001|Australia|1.88935531E8|248268.012
2005|India|9884.0|23.15
2006|Turkey|3047110.0|89418.596
2007|Spain|1.9177313499999997E8|109020.209
2011|South Korea|399596.0|3357.279
2012|China|1611718.0|251.844
2014|South Africa|4.40144961E8|263040.685
2021|China|185978.0|28.832
2001|Netherlands|232305.0|56.485
2006|Malaysia|422505.0|185.775
2010|South Korea|200581.0|809.268
2011|Zambia|4.918688E7|39232.952999999994
2013|Afghanistan|463.99999999999994|2.3
2015|Philippines|8.0081694E8|3.0134810391000003E7
2019|Cura√ßao|23770.0|19.648
2019|South Korea|706463.0|262.853
2006|Chile|12065.999999999998|24.025
2009|Zimbabwe|1.70512925E8|76042.463
2017|Indonesia|1.61852707E8|4872952.839
2018|Madagascar|64931.0|8.21
2021|Switzerland|1.01523393E8|6545.843
1995|Germany|688353.0|863.877
1999|South Korea|12584.0|9.543
2003|New Caledonia|9.1025651E7|3594626.942
2005|Japan|74912.0|23.020000000000003
2008|Zimbabwe|1.8392794800000003E8|45401.864
2008|Australia|9.44178038E8|533885.2960000001
2010|India|7840.999999999999|0.275
2013|Namibia|59.00000000000001|0.003
2014|Finland|1.34275086E8|102870.157
1996|Ecuador|1845.9999999999998|0.117
2016|Portugal|2450.0|0.33
2019|Norway|381413.0|2732.532
1997|United Kingdom|68143.0|5.523
2001|Romania|116256.0|607.464
2004|Malaysia|250974.0|116.636
2010|United States|1.2522458E7|4695.155
2012|Chinese Taipei|495895.0|2484.398
2015|South Korea|646512.0|1615.0210000000002
2017|Cuba|115.99999999999999|0.05
1995|New Caledonia|1.0386135199999999E8|1873678.401
2009|Andorra|36693.00000000001|34.0
2012|Netherlands|578911.0|7162.321000000001
2016|Thailand|519076.0|925.474
2001|Germany|8221954.0|8191.575
2002|New Caledonia|4.1235E7|2222967.315
2006|Kazakhstan|233.0|0.01
2010|Namibia|150640.00000000003|67.40099999999998
2011|Vietnam|50248.00000000001|110.0
2012|Kyrgyzstan|2671.0000000000005|1.478
2015|Slovenia|2471.0|1.962
2017|Colombia|165.0|0.774
2018|Israel|1665.0|1.251
2019|Italy|19646.0|15.686
2006|Italy|109339.0|0.12000000000000001
2007|Dominican Republic|88.00000000000001|0.8
2009|Romania|12627.0|1.5
2010|Mexico|139616.0|141.426
2000|Norway|1.255186E7|24996.981
2013|Uganda|440131.0|235.48999999999998
2018|Singapore|5689803.0|737.498
2020|France|472101.0|109.05700000000002
2021|Zimbabwe|1.29927349E8|80489.788
1998|Chinese Taipei|6407.0|2.296
1999|Kazakhstan|14915.0|2873.648
2001|Iran|16533.0|36.043
2005|United Arab Emirates|2930.0|3.037
2006|China|126712.0|37.616
2008|Malaysia|482850.0|298.498
2009|Republic of the Congo|8474.0|30.591
2009|Albania|1063548.0|51648.27
2011|South Africa|2.3445866E7|21309.183
2012|United Kingdom|1428242.9999999998|65.905
2018|Spain|859845.0|150.878
2021|United Kingdom|5857.0|0.136
2021|Australia|7.356363899999999E7|29789.943999999996
2021|Guatemala|1.08972089E8|2454430.481
1996|Spain|50597.0|8.799
2005|Italy|268837.0|20.615
2006|Morocco|618400.0|330.83
2006|Ireland|9995.0|5.1
2007|Italy|413157.0|102.858
2009|Mali|256.0|0.0
2010|Malaysia|2584451.0|47029.403
2020|United States|2.00883228E8|16138.149000000001
2020|United Kingdom|162616.0|25.180999999999997
2020|Thailand|190901.0|442.222
2001|Lesotho|32759.0|34.068
2002|South Africa|1.7180278E7|33315.390999999996
2010|Brazil|177497.0|195.728
2010|Pakistan|103370.0|122.0
2011|Canada|2.0168484699999997E8|15762.323999999997
2013|Norway|4243455.0|5906.398
2014|Solomon Islands|271.0|0.296
2016|Chinese Taipei|37564.0|6.412
1997|Thailand|4963.0|0.032
2004|United Kingdom|1.1980119E7|1748.3099999999997
2005|Philippines|9.6687671E7|2071594.614
2006|Australia|7.589801169999999E8|287560.804
2006|Estonia|470740.0|214.579
2011|Indonesia|1.523552745E9|4.121511383099999E7
2011|Malaysia|743854.0|850.66
2013|India|18656.0|32.298
2021|Chinese Taipei|334570.0|211.235
2002|Norway|6653018.0|25960.422
2004|South Africa|9.814992E7|45508.30699999999
2005|Indonesia|1.66643142E8|3773171.427
2005|Venezuela|2200.0|19.5
2011|United Arab Emirates|55.0|0.052
2013|Thailand|930539.0|2775.25
2015|Colombia|8.0|0.109
2015|Nigeria|8543.0|0.067
1997|Madagascar|43180.0|11.875
2003|Israel|222313.0|97.388
2004|Chile|6121.0|1.526
2005|Cuba|1122100.0|308.0
2009|Brazil|135782.0|84.298
2009|Canada|2.7454689E7|14978.797000000002
2016|Burma|287.0|0.34
2018|Hong Kong|72480.0|64.75999999999999
2018|Switzerland|4.1147026E7|3091.96
2020|Hungary|2066348.0000000002|127.838
2020|Spain|4669636.0|3475.382
1998|Burma|3966.0|10.625
2003|Albania|370924.0|36181.916
2009|Australia|5.21305031E8|410951.238
2010|Tanzania|5.0|0.003
2012|Ghana|9.000000000000002|0.002
2016|Dominican Republic|93.00000000000001|0.005
1995|Brazil|2576.0|4.0
1999|France|78912.0|458.892
2003|United States|7665501.0|11253.694000000001
2004|New Caledonia|1.64094607E8|3798457.938
2009|Italy|143853.0|45.230999999999995
2012|France|579599.0|223.06100000000004
2013|Madagascar|510.0|2.217
2013|Argentina|4078.0000000000005|0.413
2014|Malaysia|2793279.0|2451.943
2017|South Korea|392190.0|2859.967
2005|Botswana|6812469.0|9368.266
2005|Netherlands|165992.0|2174.2509999999997
2008|United States|3.7017326E7|46796.517
2009|Mexico|23090.999999999996|63.68
2020|Zambia|6.2485093E7|44636.083
2000|Philippines|4.5780998E7|1724721.5150000001
2001|India|882.0|0.18
2008|Switzerland|2155.0|0.002
2012|Australia|1.25984996E9|640787.769
2015|Mexico|424417.0|1043.799
2016|North Macedonia|169616.0|2995.65
2017|Zimbabwe|3.55725093E8|247828.933
2019|Botswana|20.0|0.011
2020|Argentina|59.00000000000001|0.022
2021|Spain|317601.0|23.982000000000003
2021|Russia|3.14367347E8|253271.87000000002
1997|Colombia|890.0|0.718
2000|Dominican Republic|1636.0|611.04
2001|United States|6653935.0|179837.38400000002
2006|Germany|1.3880469E7|8903.302
2009|Singapore|575894.0|1065.484
2012|Mexico|21069.000000000004|1.889
2013|North Macedonia|381298.0|3575.3599999999997
2015|North Macedonia|829.0|2.5
2018|Vietnam|348176.0|585.263
1995|Norway|1.4608038E7|33340.329000000005
2000|Zimbabwe|6294786.999999999|12149.422
2003|Austria|20148.0|6.49
2005|Hungary|790.0|0.05
2006|Madagascar|498.0|17.578
2007|Malaysia|2080824.9999999998|485.38899999999995
2007|Thailand|53121.0|100.5
2009|Botswana|1.3474022E7|21578.181
2017|Turkey|9474104.0|239892.181
2017|Romania|23752.0|66.686
2020|Switzerland|1.5499878E7|1185.462
2008|Singapore|2778096.0|574.4910000000001
2015|Guinea|2.1300064E7|1675.0
2015|Pakistan|502.0|1.0
2017|Sweden|151926.0|74.01400000000001
2018|Albania|6373882.0|275644.6
2019|Greece|14418.0|33.239999999999995
1996|Russia|282430.0|84552.0
1997|Paraguay|157546.0|550.0
2001|Israel|65000.0|46.148
2004|Netherlands|72834.0|5.179
2006|Indonesia|2.60001626E8|4623126.177
2008|New Caledonia|2.2654616E8|3137522.599
2016|Netherlands|349949.0|207.252
2019|Kazakhstan|378580.99999999994|2115.785
2020|Estonia|8902.000000000002|10.799
2006|Greece|1433786.0|52187.169
2008|Democratic Republic of the Congo|6866.000000000001|0.5
2014|Botswana|539.0|13.257
2020|Norway|1073441.0|5857.983
2002|Brazil|106070.0|799.4609999999999
2003|Yugoslavia|381.0|27.9
2008|Albania|7453577.0|273327.598
2008|Russia|1.93701793E8|116562.402
2016|South Africa|1.92185573E8|219879.541
2017|Norway|659067.0|3106.839
2021|Bangladesh|55.99999999999999|0.001
1998|Morocco|1058172.0|2700.0
1998|Germany|407921.0|122.33899999999998
2004|Turkey|62673.99999999999|3494.949
2006|Mongolia|10.0|0.26
2008|United Kingdom|899953.0|91.19
2008|Spain|9.0138E7|103685.33699999998
2012|Zambia|667670.0|44.197
2014|Palestine|24541.999999999996|20.09
2014|Indonesia|1.82019047E8|4643593.75
2016|Slovakia|11006.999999999998|22.23
2020|Brazil|9.3782864E7|54478.90700000001
2001|South Korea|90330.0|84.24
2001|Canada|34134.0|6.633
2010|Bahrain|301.0|2.0
2011|Democratic Republic of the Congo|188580.0|70.8
2016|Switzerland|3.5932233E7|4502.857
1996|Madagascar|5529.0|0.905
2000|Lithuania|2033.0|20.33
2004|Italy|98505.0|6.09
2005|Singapore|3083.0|0.524
2006|Sweden|542.9999999999999|3.0
2010|Botswana|5.529966699999999E7|48151.39599999999
2010|Israel|4851.0|3.0
2019|Thailand|519819.0|710.4979999999999
2008|Chile|418258.99999999994|1542.8239999999998
2009|Morocco|2121289.0|1661.9119999999998
2014|Georgia|69.0|0.013
2017|Namibia|6.999999999999999|0.0
2001|Italy|54407.0|79.138
2011|New Caledonia|3.07170184E8|4428137.762
2014|Vietnam|8.7677065E7|71295.25600000001
2014|Papua New Guinea|3244.0|6.0
2017|South Africa|2.24589417E8|210151.33899999998
2017|Tanzania|46850.0|0.16
2000|Switzerland|1651.0|0.16
2004|Japan|597791.0|411.18
2004|Chinese Taipei|716.9999999999999|0.089
2007|Lithuania|848.0|0.082
2007|Egypt|711.0|0.7
2009|Madagascar|7.0|0.03
2013|New Caledonia|2.02701081E8|4480836.285999999
2002|South Korea|80575.0|227.358
2003|Brazil|31133.0|383.0
2004|Brazil|26923.0|195.07399999999998
2007|South Korea|585990.0|604.374
2007|Estonia|3363.0|14.907
2010|Democratic Republic of the Congo|1212.0|0.238
2014|North Macedonia|2259.0|4.4
2016|Norway|584874.0|7192.58
2009|Netherlands|4336116.0|259.842
2000|South Africa|2.5286995E7|27137.847
2015|Venezuela|26703.000000000004|96.0
2017|Malaysia|1247727.0|616.366
2019|Palestine|168.0|0.126
1996|Chinese Taipei|7992.000000000001|0.75
1997|Canada|108818.0|76.293
1997|Philippines|3.484750400000001E7|1137391.538
2004|Indonesia|1.3088904399999999E8|3302108.631
2009|Pakistan|715.0|1.0
2012|Zimbabwe|1.34890169E8|105704.52900000001
2012|Vietnam|178190.0|0.0
2015|Germany|7039327.0|2134.807
2016|Hungary|2726.0000000000005|0.61
2020|Canada|1.66741462E8|15129.192
1997|Italy|3946.0|1.364
1999|New Caledonia|6.335258000000001E7|3305800.375
2017|Japan|237893.0|294.10200000000003
2018|Namibia|38.0|0.0
1997|Honduras|1750.0|7.812
2002|Venezuela|1847.0|0.9
2004|Slovakia|62651.0|38.596000000000004
2006|Mexico|38869.0|136.138
2007|Burma|6947.0|6.5
2012|Madagascar|55.0|0.063
2015|Papua New Guinea|16630.0|43.085
2017|Serbia|1084338.0|73387.649
2018|Georgia|5792.999999999999|19.832
2001|New Caledonia|5.7351934E7|3831560.346
2018|Poland|303417.0|20.521
2021|Mozambique|9044188.0|0.003
2005|Costa Rica|1745.0|0.05
2008|Botswana|6.4149763E7|38381.23999999999
2008|Slovakia|3657.0|0.15
2009|Philippines|2.31163323E8|8888913.975
2009|Estonia|34274.0|398.22
2015|Japan|867228.0|724.745
2018|New Caledonia|4.05950027E8|6375348.688999999
1996|Argentina|9408.999999999998|20.0
2000|Belgium|168763.0|207.694
2005|New Caledonia|1.5613121E8|3418233.397
2015|Austria|6627.0|1.9
2015|Ireland|2401.9999999999995|0.002
2000|Kenya|1584.0|0.0
2002|Philippines|3.2698975999999996E7|1559037.626
2011|Netherlands|274676.0|11.143
2011|Mozambique|4.4543579E7|32742.520999999997
2015|Russia|9033712.0|35484.842
2021|South Korea|879140.0000000001|581.542
2021|South Africa|9.793852E7|39563.83
2002|Cote d\'Ivoire|2224.0|97.852
2006|Venezuela|50.0|0.13
2014|Rwanda|603.0|0.73
2016|Hong Kong|57175.0|168.516
2018|Portugal|6393.0|0.782
2019|Saudi Arabia|72655.0|65.619
1997|Brazil|1518.0|1.558
2005|United States|1.3555907E7|9645.191
2005|Vietnam|84619.0|52.9
2006|Egypt|601.0|0.0
2009|United States|1.3362207E7|9195.721
2012|South Korea|120890.0|1385.8709999999999
2016|Peru|196.99999999999997|0.138
2017|Belgium|4656178.0|5434.384
2003|Thailand|3044.0|0.308
2004|Costa Rica|540.0|0.009
2006|South Korea|584920.0|736.931
2008|Italy|1328491.0|64.869
2009|Papua New Guinea|2611.0|4.5
2011|Albania|9563366.0|389949.977
2011|Zimbabwe|2.1137304E8|88344.2
2012|Guatemala|8510248.0|174217.19
2013|Tanzania|7138.999999999999|4.177
2017|Portugal|6952.0|2.0860000000000003
2018|Tanzania|1728.0|95.406
2019|Singapore|582025.0|211.22400000000002
2021|Saudi Arabia|80473.99999999999|84.417
1997|Morocco|27285.999999999996|20.386
1999|Argentina|164912.99999999997|1.125
2002|Thailand|397.99999999999994|0.2
2002|Saudi Arabia|72800.0|32.0
2010|Australia|7.46386719E8|353326.456
2013|France|1413544.0|434.17099999999994
2017|Denmark|306.0|0.214
2012|Namibia|2.0|0.096
2016|Brazil|5.5235766E7|56261.254
2000|Singapore|32.0|0.029
2009|Ghana|18.000000000000004|0.001
2012|Canada|1268120.0|218.051
2015|Spain|1.0695538600000001E8|164236.122
2016|Finland|6.6552211E7|82877.753
2018|Indonesia|6.91995013E8|2.0053277930999998E7
1995|Chinese Taipei|21864.0|3.062
1995|Canada|2727.0|0.597
1998|Lebanon|5762.0|0.871
1998|Croatia|2319.0|0.0
2003|Saint Vincent and the Grenadines|1515223.0|49604.6
2007|Netherlands|1542129.0|1274.698
2016|Indonesia|4860895.0|5878.066000000001
2020|Netherlands|1186273.0|584.6170000000001
2000|Italy|45768.00000000001|17.304000000000002
2006|Chinese Taipei|61978.0|352.44
2009|Namibia|96.0|0.119
2014|Burma|2.7747496E7|5462.88
2019|United States|1.76247522E8|18973.017
2007|United Kingdom|1998181.0|69.493
2012|Romania|62505.0|48.371
2014|Hong Kong|1946816.0|17113.774999999998
2019|Philippines|6.49915127E8|3.2714423979999997E7
2021|United Arab Emirates|18283.0|0.675
1997|South Africa|5376275.0|0.23
2007|Republic of the Congo|69.0|0.036
2007|Georgia|9514.0|38.535
2010|Austria|15.0|0.001
2015|New Caledonia|2.39133541E8|4581698.254000001
2016|Bulgaria|19.0|0.001
2017|Mexico|104758.0|10.0
2021|Netherlands|1.3769603E7|26278.079
2002|Netherlands|223104.0|1131.947
2004|Austria|86102.0|9.315000000000001
2007|Mexico|630467.0|542.171
2009|France|1648829.0|886.993
2011|Guatemala|1018.0|1.077
2016|Denmark|3460.0|0.599
2016|Croatia|14050.0|5.502
2018|Kazakhstan|353314.0|2479.77
2019|Czechia|24694.000000000004|9.579
2000|Japan|160220.99999999997|120.164
2005|Chinese Taipei|43178.99999999999|206.636
2007|France|369018.0|10.777000000000001
2009|Luxembourg|16647.000000000004|11.37
2017|Greece|2319.0|13.5
2020|Slovenia|30487.0|3.651
1997|Sweden|447155.0|175.898
2006|South Africa|1.56538101E8|67255.098
2007|Iran|644115.0|841.1880000000001
2020|Vietnam|28.999999999999996|0.146
1998|United Kingdom|177581.0|17.755
1998|Japan|29392.0|69.375
2000|New Caledonia|1.2896212600000001E8|4059965.0889999997
2001|Malaysia|2808.0000000000005|1.994
2004|South Korea|41022.0|71.89999999999999
2010|Uganda|761787.0|382.13
2012|United States|1.0770309E7|1007.7489999999999
1997|South Korea|1834.0|0.07
1998|Brazil|3948.0|0.113
2002|Austria|61.0|0.002
2004|Belgium|204929.0|122.677
2021|Malaysia|1814776.0|741.3769999999998
2021|Austria|70707.00000000001|0.35
2004|Estonia|142012.0|59.22
2010|Iran|75094.0|179.634
2011|United States|1.3261413E7|2057.817
2012|Colombia|3282.0|1.617
2017|Ghana|9.000000000000002|0.001
2018|Cote d\'Ivoire|3.9508384E7|523481.84099999996
2020|Italy|2285122.0|179.876
2003|India|76.0|0.006
2014|Philippines|2.310503043E9|4.3641850407E7
2017|India|842.0|0.009000000000000001
2017|Czechia|10641.0|90.58
2021|Germany|3647980.0|6506.552
1996|Indonesia|4.7312474E7|1845086.3969999999
1998|Italy|10939.0|1.812
2003|Iran|103840.0|211.0
2005|Norway|2416808.0|7434.897
2010|Lithuania|552.9999999999999|0.26
2012|Malaysia|1.3751311E7|54888.24
2014|Mexico|183382.0|133.879
2017|Australia|2.038332E8|177064.346
2019|China|561294.0|1704.4029999999998
1995|Belgium-Luxembourg|29707.0|4.388
1999|Japan|11157.0|73.868
1999|Finland|4539788.0|14987.081
2005|Bahrain|12347.999999999998|15.0
2015|Chinese Taipei|202700.0|357.304
2016|Malaysia|1356438.0|1594.8110000000001
1999|Hong Kong|6934.0|3.0
2001|Czechia|4975.0|20.66
2006|Brazil|29184.0|20.1
2011|Brazil|1.02715968E8|45848.625
2012|Uruguay|2989.0|0.389
2014|Morocco|2205.0|0.78
2014|Chile|373.0|0.038
2015|Cuba|116.0|0.04
1995|Cuba|25804.000000000004|15.0
2013|Burma|3442138.0|0.0
2014|Zimbabwe|2.05247163E8|269472.906
2014|Chinese Taipei|428447.0|21.073999999999998
1997|Hong Kong|21958.000000000004|7.0
2008|Cote d\'Ivoire|209.0|0.098
2013|Mexico|1151.0|0.053
2019|India|17267.0|39.009
2019|Netherlands|693043.0|118.227
2020|Uruguay|6613.999999999999|3.4579999999999997
1998|Norway|8456627.0|34055.087
2001|Cuba|334386.0|177.012
2019|United Kingdom|750206.0|64.25200000000001
2020|South Korea|2514607.0|2002.953
2021|Thailand|539477.0|636.6579999999999
2002|Japan|30865.0|49.072
2004|Kazakhstan|197835.0|64320.47900000001
2008|China|4684921.0|4180.6
2016|Japan|660092.0|926.617
2018|Zambia|649.0|0.012
2001|Chinese Taipei|317687.0|3322.442
2001|Brazil|56.0|0.013000000000000001
2005|Germany|1.0800885E7|7823.184
2011|Thailand|684210.0|1131.75
2013|Morocco|436527.0|453.826
2014|India|25852.0|41.056
2016|Botswana|198.99999999999997|0.133
2017|Cote d\'Ivoire|1288637.0|32000.0
1996|United Kingdom|558119.0|55.143
2004|Norway|2769086.0|9627.232000000002
2004|Argentina|136.99999999999997|0.132
2006|Norway|4009735.0000000005|7913.862
2007|Ireland|8497.0|4.06
2007|Belgium|2670280.0|1406.885
2008|Greece|30892.0|231.42499999999998
2016|Cote d\'Ivoire|591.0|53.27
1997|Cote d\'Ivoire|2392.0|47.0
1998|Philippines|2.8046046999999996E7|1249783.666
2003|Burma|1080.0|0.565
2003|Guatemala|11.000000000000002|6.189
2005|Belgium|920218.0|1220.216
2007|Chile|135397.00000000003|113.416
2007|United Arab Emirates|745866.0|3271.835
2008|Tanzania|18866.0|40.064
2020|Kazakhstan|446513.0|2580.487
2020|Tanzania|378.0|0.034
2021|Bulgaria|52042.0|3.591
2007|Serbia|46366.00000000001|1646.5
2012|Hungary|2518.0000000000005|0.089
2012|Singapore|1728549.9999999998|1168.655
2014|New Caledonia|2.70328167E8|5324982.698000001
2015|Georgia|107.0|0.02
2020|India|55572.00000000001|13.153
2021|Peru|154.0|0.003
2021|Bolivia|94.0|0.008
1997|Ireland|4106.0|0.589
1997|Switzerland|535.0|0.02
2004|Cuba|3105086.0000000005|899.066
2005|Sri Lanka|5065.0|20.0
2006|Singapore|571928.0|75.935
2009|Burkina Faso|87.0|0.062
2011|Norway|4277482.000000001|7492.229
2013|Japan|715240.0|944.801
2013|United Arab Emirates|328994.0|18.68
2014|South Korea|955044.0|1080.1490000000001
1997|Finland|2.1409272999999996E7|53973.526
1999|Czechia|47146.0|38.183
2002|Czechia|86548.0|131.04
2005|South Korea|52563.0|164.0
2012|Iran|609131.0|1828.6399999999999
2013|Kenya|63783.0|4.02
2019|Canada|2.39683796E8|66697.89
1997|Malaysia|1626.0|0.25
2007|Zimbabwe|2.19605322E8|64861.865999999995
2008|Iran|532360.0|1676.231
2009|South Korea|311268.0|809.312
2016|United States|2.24334872E8|54292.691
2016|Australia|2.12380593E8|218238.01599999997
2019|Brazil|11198.0|48.846000000000004
2020|Romania|4.0|0.004
1996|Australia|1.38353268E8|162311.96899999998
1997|Slovakia|9930.0|34.882
2001|Austria|19045.0|20.881
2007|Kenya|594519.0|73.907
2011|United Kingdom|1712372.0|50.701
2017|Chinese Taipei|49421.0|14.544000000000002
2021|Namibia|8.0|0.001
1995|Philippines|3.2302374E7|898077.0
1996|Kazakhstan|1517092.9999999998|478396.256
1998|Canada|3214491.0|1804.625
2003|Luxembourg|141660.0|16.9
2012|Indonesia|1.597386543E9|4.9291363889000006E7
2013|Pakistan|30025.0|21.0
1998|China|82265.0|12.875
1999|Germany|693526.0|689.825
2001|Tanzania|27.000000000000004|0.003
2002|Costa Rica|258.0|0.006
2012|South Africa|3.39638745E8|9529.973
2013|Finland|1.61628873E8|149512.985
2017|Palestine|880.0|0.613
2021|Republic of the Congo|66.0|0.045
1997|France|41907.0|4.404
2002|Hong Kong|33.0|0.015
2006|Russia|1361.9999999999998|2.96
2009|Turkey|5433263.999999999|101464.655
2014|Kyrgyzstan|370.0|0.017
2015|Belgium|107200.0|6.978
2016|Vietnam|3.0615908E7|40801.502
2019|Latvia|548.9999999999999|0.001
2020|Slovakia|30402.0|15.317
2002|Finland|5194622.0|11958.191
2002|Uganda|41747.0|70.2
2005|Australia|4.83857213E8|329721.64400000003
2009|China|2756594.0|4285.683
2014|Madagascar|15.0|0.005
2018|Canada|1.87338207E8|45756.53
2020|Malaysia|1718349.0|994.2750000000001
2002|France|79462.0|327.139
2007|Hong Kong|75242.0|13.676
2012|United Arab Emirates|37083.0|11.421
2015|Albania|1.0265074E7|414451.231
2020|Ethiopia|6927.000000000001|18.0
2020|Sweden|3775.0|0.006
2021|Cuba|37.00000000000001|0.008
1998|New Caledonia|7.8408837E7|2100493.625
2006|United Kingdom|3858177.0000000005|34.711
2005|South Africa|1.30527574E8|62528.887
2006|Serbia|8875.0|215.8
2007|Botswana|4.2369765E7|21784.751
2007|Costa Rica|960.0|0.021
2016|Madagascar|320.0|2.017
1999|Peru|15323.0|35.0
2007|Albania|4796638.0|74594.94999999998
2011|Germany|892567.0000000001|299.842
2013|Bosnia and Herzegovina|408.0|27.0
2019|Belgium|41598.00000000001|112.252
2020|Papua New Guinea|5210.0|0.32
2001|Luxembourg|78883.0|61.4
2005|Morocco|8521.0|5.0
2005|Kazakhstan|84544.0|25002.0
2007|Pakistan|2275.0|16.04
2013|Dominican Republic|5.0|0.001
2017|Albania|5760052.0|291882.9
2019|Cote d\'Ivoire|1.18471304E8|1526422.545
2020|Guatemala|5.6825952E7|1532553.112
1999|Philippines|2.6509431999999996E7|1414225.064
2007|India|16119.0|0.375
2008|Japan|4347969.0|20337.713
2018|Burma|18500.0|100.0
2019|Slovenia|153.0|1.345
2021|Japan|333490.0|183.692
2021|Portugal|52.00000000000001|0.037
1995|Indonesia|4.4660552E7|1781178.653
2005|Spain|5.867038E7|105052.723
2013|Canada|3323160.0000000005|269.28499999999997
2018|United Kingdom|2813043.0|265.32599999999996
2019|Turkey|1711453.0|36532.439
2002|Chinese Taipei|15285.999999999998|3.063
2002|New Zealand|266.0|0.081
2004|Finland|35604.0|3.0
2005|Uganda|102060.0|82.64
2010|Norway|2458247.0|4845.509
2017|Brazil|98737.0|313.533
2020|Philippines|1.341253061E9|3.9150863459E7
1996|Finland|1.3989544E7|36699.383
2005|North Korea|8855.0|11.02
2005|Finland|58600.0|16.078000000000003
2008|Afghanistan|75.0|0.036
2011|Chile|1035.0|1.576
2011|Greece|18118.0|119.7
2013|Czechia|1537630.0|149.707
2015|Zimbabwe|1.67447208E8|272550.365
2020|Austria|203273.0|0.024999999999999998
2004|Venezuela|3335.0|19.06
2005|Thailand|1225.0|0.089
2008|Egypt|130368.0|67.24
2008|Canada|3.21375404E8|3624.0679999999998
2009|Malaysia|387785.0|459.567
2011|Palestine|34174.0|0.0
2012|Norway|3842245.0|7649.729
2015|Iran|13.000000000000002|0.001
2016|Pakistan|3264.0|2.0
2018|Ghana|9.000000000000002|0.001
2002|United Kingdom|1535772.0|549.101
2002|Australia|1.98356734E8|272681.486
2010|Zambia|3.6362921E7|33153.878
2010|Nigeria|111635.0|46.0
2011|Kazakhstan|15000.0|60.0
2014|China|1.1425116999999998E7|2173.861
1996|Philippines|4.2304745E7|1240819.696
2017|Italy|26592.0|2.2249999999999996
2018|Luxembourg|300532.0|24.0
2020|United Arab Emirates|30997.0|3.652
1996|South Africa|45080.0|28.372999999999998
2003|United Kingdom|8168682.0|2981.358
2005|Greece|4775.0|23.0
2012|Albania|1285457.0|54292.1
2021|Greece|9173.0|66.0
1996|Singapore|8561.0|4.125
1997|United States|5624422.0|2364.898
2002|India|996.0|0.244
2005|Canada|442637.00000000006|244.683
2011|Sweden|609023.0|139.57500000000002
2012|Bulgaria|21.0|0.004
2012|Spain|2.1747526E7|20670.337
2013|Guatemala|6.8915464E7|1154900.2119999998
2017|Canada|1.20556665E8|75013.041
2018|Russia|3.8266121E7|134268.47100000002
1996|Brazil|25205.0|86.096
2000|Albania|102117.0|9399.028
2001|China|19054.0|77.082
2006|Japan|1276213.0|1781.1060000000002
2011|Bulgaria|16.0|0.003
2015|Burkina Faso|1.0|0.001
2015|Botswana|445.0|0.103
2015|Burma|1278172.0|273.098
2018|Thailand|962246.0|1338.923
2019|Poland|9362.0|3.128
2003|Switzerland|43120.0|0.122
2003|Singapore|4121.0|5.7
2006|North Korea|192192.99999999997|57.235
2010|North Macedonia|6681362.000000001|60181.407999999996
2011|Iran|1108098.0|2063.0950000000003
2015|Italy|10221.0|1.1829999999999998
2018|United States|1.7859803000000003E8|47317.971
2018|Norway|1315353.0|6180.175
2021|Philippines|1.5039105300000002E9|4.3309019767E7
2021|Sweden|13001.0|0.011
2002|Malaysia|11277.000000000002|23.112
2003|Uganda|99238.99999999999|113.5
2006|United Arab Emirates|24753.0|312.185
2008|Belgium|2792862.0|3009.587
2012|Japan|355462.0|399.065
2012|New Caledonia|2.48184543E8|4301126.404
2014|Israel|1538.0|0.005
2014|Uruguay|813.0|0.028
2015|Norway|2641410.0|8778.021
2018|Guatemala|4.1055083E7|1400231.571
2018|Japan|1235057.0|630.502
2019|Albania|9025663.0|302643.189
2019|Papua New Guinea|4527.0|7.267
1999|Italy|7686.0|10.0
2007|Zambia|335050.0|100.02000000000001
2008|United Arab Emirates|618.0|1.2639999999999998
2008|India|3796572.9999999995|44001.714
2009|Norway|1357553.0|2840.755
2012|Kuwait|117198.0|0.0
2016|China|5444635.0|7737.686
2017|Ireland|2120.0|4.125
2018|Netherlands|554690.0|389.122
2019|New Caledonia|4.56071807E8|6962498.067000001
1999|Russia|598.0|250.0
2000|Peru|46625.0|105.666
2007|Canada|3.73814279E8|15633.966999999999
2013|United States|5371545.0|1155.8049999999998
2013|Indonesia|1.7694169399999998E9|6.5253298176E7
2015|Uganda|102958.0|77.624
2016|Singapore|223665.0|339.80300000000005
2021|Serbia|1629.0|24.67
1996|Canada|19210.0|0.612
2001|Thailand|3881.0000000000005|0.705
2003|Italy|40966.0|10.325
2007|Vietnam|66229.0|5.872
2010|Chile|2642.0|12.911
1997|Singapore|11847.0|8.125
1998|Belgium-Luxembourg|769694.0000000001|196.209
2001|Switzerland|3006.0000000000005|0.297
2008|Brazil|141616.0|68.63
2010|Mozambique|8.0240651E7|39379.9
2012|Botswana|93.00000000000001|0.111
1995|United Kingdom|478713.0|225.88
1997|Netherlands|658038.0|171.062
2000|Burma|19865.0|55.5
2004|Colombia|313.0|2.106
2010|Albania|4006412.9999999995|144874.643
2012|Greece|11637.000000000002|85.5
2013|Russia|1.0569118E7|13123.917
2015|South Africa|2.27520031E8|175229.38700000002
2016|Bolivia|27.999999999999996|0.03
2019|Argentina|693.0|0.064
1999|Denmark|5747.999999999999|0.601
2002|United States|6313481.0|11421.035000000002
2005|British Virgin Islands|61955.0|624.0
2010|Zimbabwe|8.525277800000001E7|0.214
2013|South Africa|3.53486897E8|237904.14700000003
2018|Austria|1993.0|0.267
2001|Ireland|20697.0|73.603
2002|China|46152.0|293.025
2007|North Korea|22644.000000000004|9.469
2009|Ireland|6.0|0.002
2017|Finland|1.73866771E8|49430.852
2000|Chinese Taipei|70328.0|369.051
2001|Russia|2890.0|0.31
2007|South Africa|2.42022375E8|147513.257
2007|Philippines|6.33577011E8|1.0319575925E7
2011|Australia|9.98956783E8|442949.048
2014|Japan|4086514.0|18766.746
2016|Serbia|2687936.0000000005|206072.612
2017|Guatemala|8.9421002E7|2847356.7709999997
2002|Luxembourg|129814.0|19.0
2002|Singapore|5282.999999999999|0.07
2013|Turkey|5215731.0|102586.123
2014|Thailand|1796389.0|3440.87
2015|India|181907.0|123.679
2015|Greece|3033.0|30.0
2016|Mexico|80187.0|99.193
2017|Singapore|929977.0|1298.4690000000003
2019|Dominican Republic|86525.0|1316.09
2020|Oman|3.0|0.0
2021|North Macedonia|2378.0|18.18
2002|Indonesia|6.2269182E7|2689060.7539999997
2004|Zimbabwe|2.28421401E8|91042.235
2005|Albania|1828207.0|25922.562
2009|New Caledonia|1.73429088E8|3587467.458
2012|Cuba|15.0|0.001
2019|Spain|151413.0|26.147999999999996
1996|Italy|255070.00000000003|324.784
1996|Venezuela|603.0|0.199
2000|Australia|2.30366741E8|238625.762
2005|France|79937.0|6.223000000000001
2007|Finland|887.0|0.455
2009|North Korea|6383.999999999999|1.665
2010|Turkey|8529769.999999998|170666.27800000002
2011|Pakistan|107656.99999999999|99.721
2013|United Kingdom|2608133.0|130.257
2013|Malaysia|1498510.0|480.613
2016|South Korea|528975.0|2913.5620000000004
2018|Andorra|2763.0|109.1
2003|China|2256.0|0.146
2004|Kenya|909.0|0.2
2010|South Africa|5.6777518E7|25009.955
2010|Switzerland|233.0|0.997
2011|France|1136646.0|686.766
2019|Austria|1845.0|0.274
1998|Honduras|889.0|5.625
2005|Austria|18615.0|1.5
2007|Germany|9613834.0|2515.3959999999997
2007|Australia|9.576925049999999E8|288412.25899999996
2007|Sweden|237050.99999999997|1500.0
2018|Dominican Republic|1993.0|8.423
2021|Belgium|71373.0|2.09
2001|Jordan|153.0|0.075
2002|Spain|484934.0|74.441
2004|Zambia|22956.0|50.0
2007|Indonesia|7.95777882E8|9660507.478
2008|Madagascar|126.0|10.989
2009|United Arab Emirates|22056.0|18.403000000000002
2014|Czechia|1.2160257000000002E7|704.785
2014|Belgium|81038.0|49.929
2014|Germany|6548372.0|2176.5510000000004
2014|Poland|8872458.0|518.553
2014|Fiji|2450.0|0.002
2000|Spain|1325565.9999999998|132.52
2010|Belgium|983911.0|55.796
2016|Russia|2.7773441999999996E7|32522.587
2018|Romania|26070.999999999996|66.686
1998|Cote d\'Ivoire|715.0|18.839
2001|Argentina|4249581.0|8150.0
2003|Spain|15952.000000000002|0.377
2006|Botswana|5847.0|32.189
2006|Kenya|104472.00000000001|58.02
2010|Thailand|284109.0|4554.827
2011|Chinese Taipei|196249.0|503.351
2011|Oman|8460.0|37.191
2012|Germany|2486120.0|814.994
2012|Tanzania|902.0|13.014999999999999
2014|Canada|1.69940938E8|10663.405
2016|Albania|5262592.0|146698.835
1997|Indonesia|4.4066467E7|1938086.186
2011|Greenland|42.0|2.826
2016|Sweden|632.0|0.015
2017|Slovakia|34316.0|37.183
2000|Netherlands|12345.999999999998|2.46
2001|Finland|1.4029809E7|30695.759000000002
2006|United States|1.4799645E7|12542.254
2015|Netherlands|2161250.0|1129.258
2017|United Kingdom|1108259.0|119.91900000000001
2021|Czechia|306.0|0.002
1995|Finland|2.0140703E7|49196.116
2004|Czechia|93014.0|323.305
2006|Spain|9.570713199999999E7|70626.266
2007|New Caledonia|4.0581695E8|4178882.3490000004
2009|Saudi Arabia|88888.0|60.477
2009|Sweden|24580.0|31.167
2010|Canada|2381199.0|251.63000000000002
2013|Qatar|131814.0|104.0
1998|Cuba|122671.0|76.0
2004|France|231919.0|480.34
2008|Serbia|841.0|4.56
2009|Bulgaria|59326.0|3.429
2010|Rwanda|124479.0|92.638
2014|Switzerland|881996.0000000001|1000.07
2015|Canada|2.51439128E8|80821.73999999999
2021|Cote d\'Ivoire|1.09008988E8|1231284.21
2021|Ethiopia|178455.0|1080.292
1997|Japan|15492.0|45.914
2000|Brazil|729.0000000000001|0.4
2001|Spain|14617.0|2.132
2010|France|1537939.0|1006.1660000000002
2016|Turkey|3855592.0000000005|82956.04699999999
2018|Colombia|699.0|1.639
1999|Spain|662271.0|105.711
2018|Estonia|26475.0|42.096
2019|North Macedonia|43.0|0.49
2021|Mexico|468.0|0.005
2000|Denmark|14532.0|4.0
2001|Singapore|5732.0|8.027999999999999
2003|Belgium|460348.0|576.2549999999999
2003|Costa Rica|450.0|0.007
2008|Vietnam|207942.99999999997|99.584
2015|Madagascar|2.0|0.2
2020|Turkey|1.6984995E7|341948.015
2021|Italy|1336335.0|92.845
1997|China|1202580.0|4008.625
2003|Indonesia|7.7794888E7|2617623.646
2008|Sweden|91491.0|430.085
2012|Italy|10980.0|0.374
2016|Ukraine|94329.0|463.08599999999996
2021|United States|2.42704328E8|33194.235
1995|Madagascar|1206.0|0.734
1995|Malta|55379.0|100.0
2003|Germany|1.2539419E7|10915.342
2010|United Kingdom|1921797.0000000002|96.15100000000001
2011|Tanzania|416.0|0.949
2017|United States|2.30420157E8|66060.27500000001
2004|Sweden|273.0|0.153
2005|China|14974.0|0.473
2006|Cuba|20.0|0.001
2010|Ireland|27325.0|10.0
2012|Belgium|3692102.0|198.762
2015|Singapore|344203.0|336.242
2016|Cuba|10.0|0.001
1997|Belgium-Luxembourg|95457.0|131.56900000000002
2004|Germany|1.9156694E7|10826.72
2006|Philippines|1.89865113E8|5591350.024
2011|North Macedonia|1212608.0|25579.18
2015|France|1044306.0|104.79899999999999
1999|Australia|1.27025027E8|228215.98
2007|China|141453.0|99.21
2008|Philippines|3.1505501800000006E8|6042094.232
2011|Hungary|947.0000000000001|0.175
2012|Argentina|909.0|0.085
2015|Guatemala|1.6037486E8|3745038.74
2018|Turkey|436576.00000000006|9322.529999999999
2021|El Salvador|100.99999999999999|0.002
2002|Yugoslavia|3215.0|32.74
2004|Greece|21609.0|190.0
2007|United States|3.882384E7|36821.886000000006
2012|Lithuania|11007.0|0.704
2020|Greece|2520.0|19.516000000000002
2021|Brazil|2.36090331E8|119442.40899999999
1999|United Arab Emirates|25879.0|9.0
2016|Guinea|8823321.0|796.0
1995|Honduras|10000.0|19.957
1997|New Caledonia|1.32407513E8|2243036.992
1998|Australia|1.04130435E8|225205.505
2002|Republic of the Congo|159736.0|437.204
2003|Philippines|3.8216762E7|1343585.392
2005|Brazil|2375.0|12.348
2006|India|68705.0|528.29
2008|Uganda|236466.00000000003|101.324
2009|Indonesia|3.64325913E8|1.115438796E7
2013|Jordan|2394.0|1.24
2015|Finland|1.0211877E8|97652.06600000002
2020|Czechia|6927.0|0.502
2011|Russia|2.0031593E7|44728.353
2011|Spain|4.9065037E7|28118.382
2011|Cuba|5263.0|0.29
2019|Malaysia|2263271.0|2263.354
2020|Singapore|180171.0|177.716
1995|Singapore|2746.0000000000005|1.0
1999|South Africa|1903000.0|3630.5
2004|India|488.99999999999994|10.002
2004|Canada|63287.0|9.494
2005|United Kingdom|9267718.0|811.7399999999999
2008|Ireland|5986.000000000001|2.676
2010|Cote d\'Ivoire|1.0|0.2
2010|Vietnam|86957.0|104.863
2020|Nigeria|9.000000000000002|0.001
1997|Papua New Guinea|37895.0|16.249
2003|Turkey|591174.0|42034.744999999995
2014|Australia|3.77218621E8|388710.014
2017|Madagascar|94.00000000000001|0.048
2018|Cuba|1263.0|0.088
2019|Denmark|44.00000000000001|0.0
2019|Portugal|10062.000000000002|1.118
2021|Hungary|1305266.0|88.035
1998|United States|5012433.000000001|1249.171
2006|Costa Rica|1055.0|0.035
2009|Denmark|64.0|0.003
2012|Egypt|10974.0|46.091
1997|Spain|32528.0|9.398
1998|Hong Kong|484.0|0.199
2001|Ukraine|3300.0|60.0
2011|Armenia|6811.0|19.8
2012|Panama|103.00000000000001|0.077
2014|United Arab Emirates|3597.0|0.1
2017|Uruguay|72.00000000000001|0.001
2018|South Korea|1463928.0|1447.748
2019|Morocco|391.0|0.385
2021|Zambia|1.20008883E8|53932.38100000001
2021|Slovakia|114060.0|58.529
1999|Brazil|11096.999999999998|176.195
2009|Greece|4816104.0|144862.46800000002
2013|Philippines|1.281305632E9|4.7224744263000004E7
2019|Pakistan|14135.0|46.0
1997|Germany|396151.0|148.688
2001|France|62166.0|130.03900000000002
2004|Albania|1005078.0|48684.09
2007|Switzerland|787.9999999999999|0.016
2008|Zambia|330309.0|31.628
2012|Democratic Republic of the Congo|64231.00000000001|33.0
2014|Argentina|1587.0|0.285
2015|Australia|4.9045496900000006E8|360347.62899999996
1998|Netherlands|236958.0|54.823
2005|Estonia|529691.0|266.196
2007|Uganda|63888.99999999999|3.681
2008|Estonia|2248656.0|103.688
2014|Nigeria|96880.0|79.307
2018|Lithuania|703518.0|7.894
2019|Hong Kong|74582.0|26.106
1997|Guatemala|7928.0|0.957
2002|Sweden|3445.0|13.932
2005|Colombia|88.0|0.489
2006|Hong Kong|342045.99999999994|624.97
2009|Azerbaijan|98.0|0.019
2013|Botswana|28530.0|22.93
2017|Papua New Guinea|191397.00000000003|1066.96
2018|India|17682.0|91.9
2021|Indonesia|5161920.0|13968.101
2000|Guatemala|6450.0|22.68
2011|Turkey|2.2579563E7|379793.892
2013|Italy|6131158.0|5803.915
2014|United States|2.1321005E7|3760.4739999999997
2020|Chinese Taipei|583842.0|513.993
1999|India|2786.0|0.097
2002|Germany|1.1292201E7|12060.893
2005|Burma|523.0|3.752
2005|Portugal|78.0|0.006
2018|Zimbabwe|1.71200469E8|238083.639
2018|United Arab Emirates|73.0|0.24
2000|Canada|39922.0|7.541
2002|Belgium|1175303.0|3600.5570000000002
2003|Canada|373002.0|53.937000000000005
2007|Chinese Taipei|8411.0|0.494
2009|Oman|24031.0|0.534
2013|Zambia|1666.0|0.652
2014|Pakistan|18259.0|21.0
2019|Tanzania|4606.0|37.17
2000|United States|6915170.0|1712.9850000000001
2001|Hong Kong|2082.0|0.037000000000000005
2006|Austria|55919.0|6.28
2006|Ukraine|3182.0|0.071
2008|France|2614742.0|139.815
2014|Greece|4351.999999999999|25.0
1995|United States|4071009.0|1279.98
1998|France|42082.0|8.738999999999999
2000|Tanzania|38.0|0.01
2006|Netherlands|1467663.0|106.756
2006|Albania|3914484.9999999995|138956.253
2008|Finland|1.3360803E7|14049.613
2013|Colombia|218.0|16.341
2013|Greece|1086520.0000000002|508.61899999999997
1999|Belgium|57333.00000000001|36.162
2001|Belgium|126070.0|168.021
2001|South Africa|1.2010349000000002E7|35981.899000000005
2010|Finland|1.10865863E8|15047.777999999998
2016|Austria|3014.0|1.032
2017|Mozambique|3216.0|28.0
2021|Albania|6971017.0|310849.2
1996|Colombia|1394.0000000000002|0.375
2006|Canada|4.784212399999999E7|3952.3959999999997
2009|South Africa|9.4327335E7|80700.824
2009|Germany|7540636.0|1643.838
2015|United Kingdom|930434.0|114.84400000000001
2016|Zimbabwe|2.0059244100000003E8|297014.085
2016|Colombia|2.0|0.0
2020|Cote d\'Ivoire|1.22235837E8|1820227.152
2020|Belgium|38305.0|101.42999999999999
1995|South Africa|2074.0|0.0
2000|Germany|1.1717551E7|8731.839000000002
2001|Estonia|76658.0|21.316
2008|Turkey|5970624.0|132135.414
2010|Bulgaria|14502.0|3.005
2013|Netherlands|9737816.0|1192.995
2013|China|2078010.0|234.122
2013|Portugal|190514.0|55.161
2021|Democratic Republic of the Congo|16.0|0.028
1998|Indonesia|3.134743E7|2217066.321
1999|Indonesia|2.3900984E7|1719573.242
2008|Portugal|14853.0|0.034
2012|Burma|893.0|16.99
2013|South Korea|725551.0|1174.2440000000001
2017|Germany|9360226.999999998|3844.038
2018|China|141147.0|110.97100000000002
2018|Ethiopia|17470.0|40.347
2020|Hong Kong|1013.0|0.194
2021|Lebanon|152.0|0.3
1995|Netherlands|543677.0|64.44
2007|Japan|2380725.0|3510.127
2009|Austria|10761.0|3.002
2009|Belgium|1397973.0|1656.8029999999999
2015|Zambia|291.00000000000006|2.652
2018|South Africa|5.5397465E7|22915.012
1998|Singapore|15004.000000000002|12.875
1998|Papua New Guinea|3056.0|1.125
2003|Finland|1974757.0|3982.11
2009|Zambia|8962176.0|14814.158
2014|Eswatini|1035.0|3.0
2015|China|9157394.0|9363.356000000002
2009|India|241899.0|25.742
2013|Belarus|8482.000000000002|20.02
2014|Austria|334170.0|24.0
2016|Czechia|4693.0|24.666
2016|Belgium|431173.99999999994|763.0479999999999
2019|Peru|551.0|0.184
1999|Netherlands|420201.0|106.07300000000001
2001|Tonga|92.0|40.0
2003|Japan|58382.0|23.040000000000003
2004|Philippines|6.664139E7|1655885.238
2016|United Kingdom|2715251.0|493.178
2017|Spain|446893.0|115.55099999999999
2019|Finland|2.41710004E8|0.009000000000000001
2021|Singapore|927489.0|430.082
1998|Spain|20678.0|19.0
1999|United Kingdom|672271.0|179.39200000000002
2003|South Africa|3.0887063000000004E7|36368.132999999994
2004|Uganda|71146.99999999999|79.9
2009|Japan|1049456.0|3977.905
2009|North Macedonia|2.0|0.034
2010|Kazakhstan|77.0|13.01
2014|Zambia|9896.0|1.425
2014|Serbia|4715.0|23.545
2016|Greece|180.0|0.01
1999|Norway|9847268.999999998|26672.767
2003|Australia|3.07335483E8|249812.713
2003|South Korea|59595.0|70.0
2004|Botswana|1.6533475E7|20513.118
2006|Colombia|573.0|0.583
2007|Greece|22400.0|170.667
2009|Liberia|193.99999999999997|0.159
2014|Colombia|5677.000000000001|10.754999999999999
2016|India|14081.0|1.6549999999999998
2018|Germany|1.0132265E7|2700.6200000000003
2019|Indonesia|1.170657488E9|3.2307231097999997E7
1996|Netherlands|197695.0|169.916
2006|Thailand|213611.00000000003|19.766
2006|Papua New Guinea|17322.0|115.76
2011|Mexico|15477.0|0.854
2012|Israel|17826.0|38.045
2015|United States|3.62770969E8|47904.647999999994
2015|Slovakia|56535.00000000001|4.226999999999999
2021|Vietnam|1.0|0.002
1995|Spain|3418.9999999999995|5.187
2000|Russia|100023.0|120.7
2006|Switzerland|3137.0|0.0
2009|United Kingdom|3577028.0|181.75400000000002
2011|Philippines|4.41013534E8|1.5382033667E7
2014|Turkey|9061610.0|162710.938
2016|Germany|9782191.0|3594.76
2018|Philippines|4.83458873E8|2.4750935712E7
1998|South Africa|4030373.0|8.485
2009|Sierra Leone|27889.0|0.0
2008|Norway|3704484.0|8130.659
2008|Hong Kong|125929.0|118.10499999999999
2009|Burma|145590.0|800.0
2010|China|10128.0|0.29400000000000004
2012|Sweden|590054.0|74.706
2016|Spain|1.5871434E7|23105.748
2000|South Korea|27166.0|34.260000000000005
2003|Madagascar|423.0|20.045
2004|United States|7027052.0|9001.967999999999
2004|Democratic Republic of the Congo|3147.0|35.0
2005|Saudi Arabia|14220.0|23.164
2008|South Korea|1120020.0|4746.985000000001
2010|Peru|187.0|0.0
2012|Austria|14696.0|2.374
2013|Mongolia|27.999999999999996|0.002
2019|Russia|1.9851257E7|78452.32400000001
2019|Madagascar|6.999999999999999|0.014
2020|Albania|5189345.0|101494.366
2021|France|101405.99999999999|147.066
1996|Norway|1.2695453E7|34989.766
1997|Kazakhstan|2874234.0000000005|574654.016
2001|Turkey|383088.0|22511.0
2002|Kenya|3609.0|8.0
2002|Chile|1783995.0|3707.1
2013|Zimbabwe|1.1801610899999999E8|169828.73599999998
2019|Mexico|99.0|0.018
2002|Italy|62727.99999999999|6.98
2003|Malaysia|208.00000000000003|0.012
2003|Cuba|1581140.0|660.0
2013|Albania|7295226.000000001|303315.36199999996
2013|Chinese Taipei|147935.0|992.814
2016|France|323591.0|188.938
2016|Mozambique|7377.999999999999|0.023
2017|Netherlands|7433608.0|7024.044
2021|Poland|159048.0|211.044
1998|Peru|2306.0|0.062
2000|Kazakhstan|448001.99999999994|284514.168
2012|Brazil|1.2143559099999999E8|64215.668000000005
2013|Belgium|2827696.0|205.18200000000002
2016|Qatar|46071.99999999999|36.0
2007|Norway|8774716.0|5595.121999999999
2008|Denmark|4280269.000000001|190.552
2016|New Caledonia|2.47728793E8|5127746.62
2016|Slovenia|286.00000000000006|0.002
2020|Cuba|4465.0|0.311
2012|Philippines|7.20432591E8|2.9054645811E7
2015|Czechia|7325.0|37.464
2000|Ghana|218.0|0.02
2003|Zimbabwe|1.3757666E8|63166.637
2005|Zimbabwe|2.11722573E8|53861.88
2007|North Macedonia|366945.0|9328.429999999998
2014|Albania|1.350171E7|513817.97
2016|Ireland|6.0|0.003
2021|New Caledonia|7.33765192E8|7115450.902
2003|Norway|991103.0|6301.264
2008|Guinea|106.0|0.006
2011|Papua New Guinea|1909.0|8.282
2012|Cambodia|223.99999999999997|0.046
2013|Germany|599288.0|337.31600000000003
2014|Saudi Arabia|1240.9999999999998|2.25
2018|Australia|2.09749909E8|175254.15099999998
2009|Chile|8.0|0.002
2011|Peru|218574.0|161.329
2000|Turkey|457.99999999999994|1.0
2001|Botswana|292648.0|2558.977
2008|Chinese Taipei|511935.0|2936.1699999999996
2010|Japan|815465.0|2220.0040000000004
2011|Finland|2.2877750999999997E8|32908.914000000004
2016|Philippines|6.15786949E8|3.3158508749000005E7
2021|Tanzania|2411337.0|5429.402
1995|France|185992.0|24.281
1998|Finland|4470102.0|14161.237000000001
1999|Canada|562778.0|72.171
2003|Chinese Taipei|22063.0|4.088
2007|Cuba|887.0|0.741
2008|Dominican Republic|61914.0|14.122
2015|Malaysia|1874876.0|7744.92
2015|Thailand|775463.0|2052.3140000000003
1995|Chile|3380.0|0.421
1997|Chile|1737473.0|2829.519
2008|North Korea|94721.0|137.093
2010|Spain|1.37421821E8|106403.582
2012|Portugal|710.0|0.06
2013|Iran|106051.0|487.446
2017|Russia|2.8621682E7|123101.705
2018|Peru|6.0|0.003
1995|Czechia|10321.0|16.601
2003|Egypt|5269.0|0.0
2004|Denmark|6682.0|1.0
2005|Turkey|1397819.0|52064.223999999995
2008|Netherlands|5634433.0|298.623
2011|Ghana|19.0|0.011
2011|Czechia|51613.0|8.085
2014|Norway|2830783.0|7969.6720000000005
2017|France|318950.0|61.709
2019|Zambia|1.865581E7|14408.846000000001
1995|Australia|9.815586599999999E7|122458.28700000001
1999|Cuba|44514.0|367.5
2002|Switzerland|17104.0|22.980999999999998
2004|United Arab Emirates|4277.0|9.032
2005|Bulgaria|4418.0|1.935
2007|Russia|134191.0|224.7
2009|Chinese Taipei|793196.0|1099.712
2011|Belgium|1409828.0|60.855000000000004
2014|Spain|1.2064601700000001E8|133413.47499999995
2018|Malaysia|5515262.999999999|6728.964
2006|Belgium|2042941.0000000002|841.976
2014|Sweden|114827.0|32.629
2014|Italy|1.1185390999999998E7|9985.443
2014|France|729772.0|614.615
2015|Sweden|41390.0|1.684
2015|Brazil|1.3341880399999999E8|142415.559
2019|Cuba|5403.0|14.662999999999998
2003|France|394909.0|114.72399999999999
2012|Turkey|1.714148E7|292866.58900000004
2012|Thailand|834511.0|1595.7899999999997
2017|Philippines|7.17931614E8|3.781431227599999E7
2020|Portugal|2.0|0.002
2020|Mexico|196532.00000000003|57.885
1996|Burma|38436.0|85.109
1997|Russia|128399.0|64.199
1999|United States|4218619.0|985.259
1999|Slovakia|8267.000000000002|13.062
2001|Indonesia|6.118966400000001E7|2222887.368
2010|Chinese Taipei|392584.0|681.916
2011|Colombia|1252.0|3.5949999999999998
2013|Austria|6921.0|1.5
2013|Uruguay|1722.0|0.12
2015|Kenya|38.0|0.002
2015|Vietnam|7.9736334E7|94286.595
2016|Italy|49038.0|2.8770000000000002
2020|Finland|1.67301155E8|77581.30399999999
2007|Turkey|9443157.0|175830.007
2007|Morocco|619709.0000000001|897.555
2008|Saudi Arabia|1749.0|3.729
2008|Kazakhstan|150602.0|4548.691000000001
2010|Singapore|460851.0|491.40600000000006
2010|Madagascar|2.0|0.017
2010|New Caledonia|2.8857795E8|4904545.022
2012|Morocco|2964.0|0.169
2017|New Caledonia|3.26329658E8|5906883.17
2020|Germany|1291398.0|668.0269999999999
2003|Chile|53400.0|379.505
2005|Mexico|27095.0|63.916
2009|Kenya|175511.0|87.06
2010|Hong Kong|189016.0|200.234
2011|Hong Kong|13187.999999999998|49.948
2012|Pakistan|26011.0|30.13
2013|Burundi|11489.0|4.065
2015|Mozambique|193700.0|0.015
2017|North Macedonia|1829157.0|23962.3
2020|Bulgaria|1.0|0.001
2001|Mauritania|16823.0|3.9
2011|Singapore|1162351.0|926.662
2013|Singapore|963637.0|735.567
2014|Tanzania|142.0|0.857
2015|Portugal|8007.999999999999|1.023
2018|Czechia|3001.0000000000005|14.913
2021|Luxembourg|40.99999999999999|0.004
1997|Cuba|12130.999999999998|16.062
2001|Philippines|3.9919014E7|1677379.875
2004|Australia|4.8798148E8|267685.6
2006|New Caledonia|1.92488902E8|3392971.274
2009|Finland|8704292.0|7555.006
2012|Tajikistan|188.99999999999997|0.134
2019|Egypt|48.0|0.0
1996|Japan|133130.0|14.328
2004|Madagascar|1515.0|48.557
2009|Thailand|386505.0|533.105
2013|Switzerland|170750.0|103.165
2014|Brazil|1.42261964E8|98704.632
2014|Mozambique|3486.0|0.88
2003|Vanuatu|6.0|0.005
2006|France|146051.0|311.124
2010|Netherlands|378525.0|71.947
2010|United Arab Emirates|5375.0|2.0
2014|Guatemala|1.78965901E8|3336767.2059999993
2017|Austria|7358.0|1.007
2011|Kyrgyzstan|53.0|0.294
2014|Cote d\'Ivoire|43.0|0.0
2014|Slovakia|2816446.0|194.401
2015|Switzerland|83.0|0.002
2015|Tanzania|453364.0|3507.33
2019|Germany|2283778.0|842.815
2019|Ukraine|316260.99999999994|7998.512
2003|Estonia|603199.0|1458.26
2007|Brazil|1991013.0000000002|165.30700000000002
2010|Philippines|5.10636488E8|1.5008297187999997E7
2012|Hong Kong|14370.0|90.52799999999999
2013|Poland|1882650.0|125.459
2015|Turkey|4511108.0|81639.903
2018|Finland|2.1671951299999997E8|63146.83799999999
2018|Sweden|684.0000000000001|0.342
2020|Venezuela|100.99999999999999|1.448
2002|Turkey|5763.999999999999|20.0
2008|Indonesia|6.34226436E8|1.1181235996E7
2008|New Zealand|115937.0|109.59800000000001
2010|Russia|5.4506153E7|102595.976
2010|Mauritania|2188703.0|2496.0
2017|United Arab Emirates|4907.0|0.01
2018|Chinese Taipei|47760.0|42.0
2021|Finland|2.77031669E8|149440.664
1996|France|178891.00000000003|87.16600000000001
2000|United Kingdom|46660.0|23.47
2001|Guatemala|2965.0|6.353
2007|Argentina|153180.0|0.0
2008|Thailand|147424.0|612.133
2009|Iran|66503.99999999999|449.144
2010|Italy|479672.99999999994|16.43
2014|Singapore|962314.0|576.772
2020|Ireland|11057.0|5.844
1997|Norway|1.0123692E7|30461.976
2002|Canada|16244.0|51.276999999999994
2013|Spain|9.434779999999999E7|100154.892
2014|United Kingdom|1966644.0|267.49
2017|Switzerland|2.6851461E7|2802.319
2018|Brazil|6924.0|7.112
2019|Guatemala|2.7534172E7|710548.3019999999
2020|New Caledonia|5.45482887E8|7518173.78
2020|Japan|1844111.9999999998|921.038
1996|New Caledonia|1.16930944E8|1896546.46
2003|Czechia|11597.0|121.501
2004|Switzerland|1208.0|0.678
2006|Zimbabwe|1.62733523E8|50652.972
2007|Czechia|59678.00000000001|165.795
2010|Romania|12235.999999999998|1.107
2010|Germany|1.0445376E7|2429.119
2010|Greece|582303.0|20283.935
2011|Japan|568985.0|457.53299999999996
2012|New Zealand|11609.000000000002|62.115
2002|Zimbabwe|6.582844499999999E7|21780.208
2003|Netherlands|121294.0|145.084
2003|Greece|871605.0|18962.889000000003
2007|Colombia|1038.0|1.825
2008|South Africa|1.27452738E8|68928.001
2009|Russia|7.2228114E7|129262.65400000001
2019|South Africa|3.407756E7|1429.6670000000001
2021|India|89243.0|20.224000000000004
1999|Mexico|1042.0|0.776
2000|Cuba|9329.0|111.081
2001|Norway|8020704.000000001|30175.69
2006|Burma|2110.0|4.4
2013|Israel|13390.0|14.75
2018|Serbia|202954.0|7530.18
2021|Canada|1.20794033E8|5932.7
1996|Belgium-Luxembourg|154255.0|132.362
2009|Switzerland|43.0|0.004
2014|Russia|2663510.0000000005|183.53599999999997
2016|Namibia|13.999999999999998|0.001
2016|Canada|8.6610159E7|14163.287
2004|Spain|1063.0|0.149
2004|Guatemala|27.000000000000004|7.892
2010|Indonesia|6.62239328E8|1.8156453136E7
2010|Portugal|54856.0|4.87
2013|Kyrgyzstan|535.0|0.453
2014|Netherlands|562235.0|360.39099999999996
2015|Hong Kong|197376.00000000003|277.123
2016|Guatemala|7.2055805E7|2335929.624
2019|Australia|3.08818789E8|257336.435
2001|Albania|68000.0|2590.294
2003|Ireland|142.0|0.002
2004|Luxembourg|69286.99999999999|5.0
2011|India|2640231.0|380.0
2020|China|6272859.0|7879.0
1995|China|2238.0|3.0
1995|Kazakhstan|17048.0|36.781
2004|Russia|946.0|2.0
2005|Madagascar|9.000000000000002|0.008
2018|Italy|1447.0|0.042
2021|Pakistan|266.0|0.038
2021|Kazakhstan|397061.0|981.618
