"Date","Price","Open","High","Low","Vol.","Change %"
"12/29/2023","16,603.00","16,525.00","16,570.00","16,525.00","9.85K","-0.78%"
"12/28/2023","16,734.00","16,850.00","16,825.00","16,740.00","7.38K","-1.20%"
"12/27/2023","16,938.00","16,750.00","16,700.00","16,725.00","10.26K","2.60%"
"12/22/2023","16,509.00","16,700.00","16,650.00","16,625.00","7.26K","-2.24%"
"12/21/2023","16,888.00","16,900.00","16,820.00","16,800.00","9.56K","0.20%"
"12/20/2023","16,854.00","16,700.00","16,600.00","16,630.00","10.68K","0.64%"
"12/19/2023","16,747.00","16,750.00","16,700.00","16,725.00","8.50K","1.48%"
"12/18/2023","16,502.00","16,900.00","16,900.00","16,900.00","8.42K","-3.78%"
"12/15/2023","17,150.00","17,025.00","16,950.00","17,000.00","12.91K","1.05%"
"12/14/2023","16,972.00","16,850.00","16,750.00","16,800.00","13.06K","3.06%"
"12/13/2023","16,468.00","16,350.00","16,320.00","16,325.00","8.72K","-0.31%"
"12/12/2023","16,520.00","16,625.00","16,525.00","16,500.00","7.62K","-0.52%"
"12/11/2023","16,607.00","16,600.00","16,525.00","16,550.00","7.79K","-1.18%"
"12/08/2023","16,806.00","16,900.00","16,855.00","16,855.00","14.27K","1.81%"
"12/07/2023","16,508.00","16,300.00","16,300.00","16,300.00","12.75K","1.79%"
"12/06/2023","16,218.00","16,500.00","16,450.00","16,500.00","12.67K","0.46%"
"12/05/2023","16,143.00","16,350.00","16,345.00","16,350.00","12.89K","-3.42%"
"12/04/2023","16,714.00","16,550.00","16,500.00","16,550.00","11.95K","-1.92%"
"12/01/2023","17,042.00","16,850.00","16,850.00","16,850.00","14.10K","2.39%"
"11/30/2023","16,645.00","16,600.00","16,590.00","16,575.00","14.30K","-2.79%"
"11/29/2023","17,122.00","17,025.00","16,995.00","17,000.00","12.61K","2.12%"
"11/28/2023","16,766.00","16,650.00","16,625.00","16,650.00","19.58K","4.27%"
"11/27/2023","16,079.00","16,100.00","16,050.00","16,060.00","14.43K","-0.37%"
"11/24/2023","16,138.00","16,250.00","16,200.00","16,250.00","11.85K","-2.89%"
"11/23/2023","16,619.00","16,500.00","16,490.00","16,500.00","8.54K","1.12%"
"11/22/2023","16,435.00","16,800.00","16,695.00","16,690.00","11.98K","-3.28%"
"11/21/2023","16,992.00","16,840.00","16,825.00","16,825.00","13.39K","0.24%"
"11/20/2023","16,952.00","17,000.00","16,880.00","16,880.00","8.52K","0.28%"
"11/17/2023","16,904.00","17,050.00","17,020.00","17,020.00","10.51K","-0.68%"
"11/16/2023","17,020.00","17,225.00","17,215.00","17,225.00","10.85K","-2.30%"
"11/15/2023","17,421.00","17,470.00","17,440.00","17,450.00","8.52K","-0.38%"
"11/14/2023","17,487.00","17,250.00","17,200.00","17,250.00","13.00K","0.51%"
"11/13/2023","17,398.00","17,250.00","17,225.00","17,225.00","12.33K","0.82%"
"11/10/2023","17,257.00","17,450.00","17,440.00","17,450.00","13.30K","-3.12%"
"11/09/2023","17,813.00","17,940.00","17,925.00","17,905.00","8.06K","-1.55%"
"11/08/2023","18,094.00","18,050.00","18,050.00","18,025.00","8.52K","1.02%"
"11/07/2023","17,912.00","17,900.00","17,850.00","17,870.00","13.37K","-2.89%"
"11/06/2023","18,445.00","18,200.00","18,125.00","18,140.00","8.28K","1.22%"
"11/03/2023","18,223.00","18,100.00","18,025.00","18,020.00","7.94K","1.36%"
"11/02/2023","17,979.00","18,050.00","18,025.00","18,050.00","10.50K","-0.19%"
"11/01/2023","18,014.00","18,100.00","18,050.00","18,050.00","8.26K","-0.64%"
"10/31/2023","18,130.00","18,150.00","18,055.00","18,055.00","10.22K","-1.94%"
"10/30/2023","18,489.00","18,500.00","18,430.00","18,445.00","7.77K","0.63%"
"10/27/2023","18,374.00","18,300.00","18,225.00","18,225.00","7.45K","1.63%"
"10/26/2023","18,079.00","18,125.00","18,120.00","18,125.00","5.92K","-1.30%"
"10/25/2023","18,317.00","18,450.00","18,360.00","18,365.00","8.72K","0.24%"
"10/24/2023","18,274.00","18,100.00","18,050.00","18,075.00","9.45K","0.53%"
"10/23/2023","18,177.00","18,500.00","18,370.00","18,350.00","7.05K","-2.21%"
"10/20/2023","18,588.00","18,575.00","18,530.00","18,530.00","9.37K","0.37%"
"10/19/2023","18,520.00","18,600.00","18,525.00","18,525.00","6.19K","-0.72%"
"10/18/2023","18,655.00","18,725.00","18,710.00","18,700.00","7.43K","0.33%"
"10/17/2023","18,593.00","18,500.00","18,450.00","18,450.00","9.13K","-0.05%"
"10/16/2023","18,602.00","18,850.00","18,800.00","18,460.00","7.46K","0.30%"
"10/13/2023","18,546.00","18,700.00","18,675.00","18,675.00","5.27K","-0.97%"
"10/12/2023","18,728.00","18,800.00","18,665.00","18,685.00","8.04K","1.94%"
"10/11/2023","18,371.00","18,500.00","18,460.00","18,425.00","9.71K","-1.66%"
"10/10/2023","18,682.00","18,650.00","18,575.00","18,580.00","7.03K","-1.36%"
"10/09/2023","18,939.00","18,950.00","18,800.00","18,850.00","9.04K","1.92%"
"10/06/2023","18,582.00","18,580.00","18,525.00","18,575.00","7.42K","0.50%"
"10/05/2023","18,490.00","18,530.00","18,500.00","18,525.00","6.66K","-1.24%"
"10/04/2023","18,723.00","18,900.00","18,875.00","18,875.00","8.49K","-0.03%"
"10/03/2023","18,728.00","18,800.00","18,650.00","18,700.00","6.21K","-0.11%"
"10/02/2023","18,749.00","18,950.00","18,825.00","18,875.00","6.95K","0.29%"
"09/29/2023","18,694.00","18,850.00","18,775.00","18,825.00","8.50K","-1.02%"
"09/28/2023","18,887.00","18,950.00","18,850.00","18,875.00","7.23K","-0.61%"
"09/27/2023","19,003.00","18,900.00","18,850.00","18,900.00","11.45K","0.67%"
"09/26/2023","18,877.00","19,020.00","18,970.00","18,990.00","10.13K","-1.27%"
"09/25/2023","19,120.00","19,300.00","19,200.00","19,250.00","5.92K","-1.53%"
"09/22/2023","19,418.00","19,400.00","19,350.00","19,350.00","7.49K","1.54%"
"09/21/2023","19,123.00","19,250.00","19,210.00","19,200.00","12.84K","-2.40%"
"09/20/2023","19,593.00","19,975.00","19,910.00","19,950.00","13.32K","-1.64%"
"09/19/2023","19,919.00","19,700.00","19,625.00","19,625.00","8.91K","0.21%"
"09/18/2023","19,877.00","20,000.00","19,900.00","19,900.00","6.70K","-0.24%"
"09/15/2023","19,924.00","20,150.00","20,130.00","20,050.00","7.08K","-2.06%"
"09/14/2023","20,343.00","20,500.00","20,425.00","20,430.00","11.66K","1.37%"
"09/13/2023","20,069.00","19,775.00","19,725.00","19,750.00","9.71K","0.73%"
"09/12/2023","19,923.00","20,100.00","20,020.00","20,025.00","8.72K","-2.74%"
"09/11/2023","20,485.00","20,300.00","20,250.00","20,255.00","7.10K","2.16%"
"09/08/2023","20,052.00","20,200.00","20,150.00","20,125.00","8.06K","-2.10%"
"09/07/2023","20,482.00","20,375.00","20,300.00","20,305.00","11.26K","-0.54%"
"09/06/2023","20,593.00","20,800.00","20,715.00","20,715.00","9.66K","-2.12%"
"09/05/2023","21,039.00","21,000.00","20,955.00","20,960.00","7.25K","0.00%"
"09/04/2023","21,040.00","20,825.00","20,725.00","20,750.00","6.81K","-0.21%"
"09/01/2023","21,085.00","20,850.00","20,700.00","20,700.00","9.72K","3.92%"
"08/31/2023","20,289.00","20,400.00","20,325.00","20,325.00","6.80K","-1.66%"
"08/30/2023","20,631.00","20,500.00","20,440.00","20,455.00","5.72K","-0.25%"
"08/29/2023","20,683.00","20,600.00","20,550.00","20,600.00","5.55K","-0.54%"
"08/25/2023","20,795.00","21,100.00","21,050.00","21,100.00","9.00K","-0.16%"
"08/24/2023","20,829.00","20,600.00","20,550.00","20,600.00","9.53K","-0.61%"
"08/23/2023","20,956.00","20,775.00","20,775.00","20,775.00","6.82K","2.20%"
"08/22/2023","20,504.00","20,550.00","20,450.00","20,475.00","7.60K","1.91%"
"08/21/2023","20,119.00","20,250.00","20,125.00","20,130.00","5.66K","-0.06%"
"08/18/2023","20,131.00","20,250.00","20,150.00","20,200.00","5.79K","-0.72%"
"08/17/2023","20,277.00","20,150.00","20,125.00","20,135.00","7.16K","2.39%"
"08/16/2023","19,804.00","20,025.00","20,170.00","19,960.00","10.46K","0.12%"
"08/15/2023","19,780.00","19,950.00","19,990.00","19,950.00","16.39K","-1.56%"
"08/14/2023","20,093.00","20,130.00","20,100.00","20,050.00","10.36K","-0.73%"
"08/11/2023","20,241.00","20,225.00","20,220.00","20,220.00","12.41K","-0.98%"
"08/10/2023","20,441.00","20,500.00","20,500.00","20,470.00","9.08K","-0.55%"
"08/09/2023","20,554.00","20,640.00","20,625.00","20,640.00","11.41K","-1.38%"
"08/08/2023","20,841.00","20,900.00","20,850.00","20,850.00","26.02K","-1.24%"
"08/07/2023","21,102.00","21,600.00","21,525.00","21,550.00","8.76K","-0.98%"
"08/04/2023","21,310.00","21,300.00","21,200.00","21,205.00","10.79K","-1.37%"
"08/03/2023","21,607.00","21,450.00","21,400.00","21,450.00","6.48K","0.22%"
"08/02/2023","21,560.00","21,900.00","21,840.00","21,845.00","8.07K","-3.57%"
"08/01/2023","22,358.00","22,700.00","22,675.00","22,700.00","10.22K","0.29%"
"07/31/2023","22,293.00","21,950.00","21,900.00","21,900.00","9.47K","-0.06%"
"07/28/2023","22,307.00","21,925.00","21,875.00","21,925.00","6.90K","2.85%"
"07/27/2023","21,689.00","21,700.00","21,650.00","21,645.00","6.83K","0.46%"
"07/26/2023","21,590.00","21,900.00","21,825.00","21,875.00","10.10K","-3.83%"
"07/25/2023","22,450.00","21,625.00","21,575.00","21,625.00","10.97K","4.77%"
"07/24/2023","21,428.00","20,900.00","20,830.00","20,810.00","8.35K","3.17%"
"07/21/2023","20,769.00","21,150.00","21,125.00","21,100.00","7.01K","-2.40%"
"07/20/2023","21,280.00","21,500.00","21,375.00","21,400.00","6.87K","1.78%"
"07/19/2023","20,907.00","20,950.00","20,905.00","20,910.00","5.22K","-0.84%"
"07/18/2023","21,084.00","20,850.00","20,800.00","20,850.00","9.83K","0.14%"
"07/17/2023","21,054.00","21,100.00","21,000.00","21,025.00","6.70K","-2.66%"
"07/14/2023","21,630.00","21,690.00","21,500.00","21,500.00","7.43K","1.58%"
"07/13/2023","21,294.00","21,400.00","21,330.00","21,330.00","8.71K","-1.80%"
"07/12/2023","21,685.00","21,200.00","21,120.00","21,130.00","10.86K","4.74%"
"07/11/2023","20,704.00","20,800.00","20,720.00","20,705.00","7.68K","-1.48%"
"07/10/2023","21,014.00","20,900.00","20,825.00","20,830.00","5.33K","1.01%"
"07/07/2023","20,804.00","20,700.00","20,650.00","20,675.00","7.77K","-1.91%"
"07/06/2023","21,209.00","21,250.00","21,240.00","21,200.00","8.03K","0.01%"
"07/05/2023","21,207.00","20,500.00","20,400.00","20,405.00","9.82K","3.41%"
"07/04/2023","20,508.00","20,600.00","20,500.00","20,500.00","3.37K","-0.35%"
"07/03/2023","20,580.00","20,600.00","20,460.00","20,450.00","4.66K","0.31%"
"06/30/2023","20,516.00","20,300.00","20,225.00","20,275.00","7.79K","-0.57%"
"06/29/2023","20,634.00","20,000.00","19,950.00","20,000.00","10.82K","2.88%"
"06/28/2023","20,056.00","20,100.00","20,060.00","20,050.00","9.64K","-3.53%"
"06/27/2023","20,789.00","20,600.00","20,540.00","20,525.00","10.16K","2.38%"
"06/26/2023","20,305.00","20,850.00","20,750.00","20,800.00","13.14K","-4.72%"
"06/23/2023","21,311.00","21,100.00","21,000.00","21,050.00","5.31K","0.61%"
"06/22/2023","21,182.00","21,400.00","21,300.00","21,300.00","5.01K","-0.26%"
"06/21/2023","21,238.00","21,700.00","21,550.00","21,550.00","7.54K","-3.63%"
"06/20/2023","22,039.00","21,900.00","21,950.00","21,900.00","10.78K","-2.06%"
"06/19/2023","22,503.00","22,700.00","22,640.00","22,650.00","4.07K","-2.31%"
"06/16/2023","23,034.00","23,300.00","23,240.00","23,225.00","9.54K","0.18%"
"06/15/2023","22,993.00","22,850.00","22,900.00","22,850.00","10.09K","1.20%"
"06/14/2023","22,720.00","22,300.00","22,300.00","22,300.00","10.81K","3.50%"
"06/13/2023","21,952.00","21,400.00","21,300.00","21,350.00","10.45K","5.77%"
"06/12/2023","20,755.00","21,250.00","21,250.00","21,250.00","7.59K","-1.96%"
"06/09/2023","21,170.00","21,600.00","21,540.00","21,550.00","6.03K","0.18%"
"06/08/2023","21,132.00","21,350.00","21,250.00","21,300.00","6.99K","-1.33%"
"06/07/2023","21,417.00","21,200.00","21,150.00","21,110.00","7.65K","2.14%"
"06/06/2023","20,968.00","21,200.00","21,125.00","21,175.00","5.68K","0.33%"
"06/05/2023","20,898.00","20,800.00","20,700.00","20,705.00","5.65K","-1.48%"
"06/02/2023","21,211.00","21,600.00","21,565.00","21,585.00","7.85K","-0.50%"
"06/01/2023","21,318.00","21,100.00","20,900.00","20,950.00","9.91K","3.55%"
"05/31/2023","20,588.00","20,580.00","20,500.00","20,540.00","11.76K","-2.09%"
"05/30/2023","21,027.00","21,500.00","21,495.00","21,500.00","7.93K","-0.64%"
"05/26/2023","21,162.00","21,700.00","21,595.00","21,595.00","6.77K","-0.31%"
"05/25/2023","21,228.00","21,400.00","21,390.00","21,395.00","10.96K","2.39%"
"05/24/2023","20,732.00","21,050.00","21,100.00","21,050.00","8.95K","-1.50%"
"05/23/2023","21,047.00","21,050.00","20,975.00","20,985.00","8.86K","-1.71%"
"05/22/2023","21,413.00","21,480.00","21,400.00","21,425.00","6.07K","0.63%"
"05/19/2023","21,278.00","21,750.00","21,675.00","21,685.00","7.97K","1.64%"
"05/18/2023","20,934.00","21,390.00","21,310.00","21,350.00","6.87K","-1.87%"
"05/17/2023","21,334.00","21,500.00","21,400.00","21,400.00","8.34K","1.00%"
"05/16/2023","21,122.00","21,550.00","21,545.00","21,550.00","13.06K","-2.31%"
"05/15/2023","21,622.00","22,400.00","22,150.00","22,200.00","8.77K","-2.68%"
"05/12/2023","22,217.00","22,450.00","22,300.00","22,280.00","7.60K","2.01%"
"05/11/2023","21,780.00","22,350.00","22,250.00","22,250.00","11.45K","-3.33%"
"05/10/2023","22,531.00","23,050.00","23,025.00","23,050.00","12.66K","-4.15%"
"05/09/2023","23,507.00","24,050.00","24,000.00","24,050.00","8.29K","-4.17%"
"05/05/2023","24,531.00","23,850.00","23,800.00","23,850.00","5.30K","2.23%"
"05/04/2023","23,997.00","25,200.00","25,150.00","25,050.00","7.43K","-3.01%"
"05/03/2023","24,743.00","25,100.00","25,095.00","25,075.00","6.16K","-0.89%"
"05/02/2023","24,965.00","24,350.00","24,290.00","24,295.00","6.31K","3.08%"
"04/28/2023","24,219.00","24,100.00","24,025.00","24,050.00","6.55K","0.50%"
"04/27/2023","24,099.00","23,790.00","23,780.00","23,790.00","6.26K","1.92%"
"04/26/2023","23,646.00","23,700.00","23,635.00","23,675.00","7.26K","1.31%"
"04/25/2023","23,341.00","24,000.00","24,000.00","24,000.00","8.41K","-5.05%"
"04/24/2023","24,582.00","24,200.00","24,150.00","24,200.00","6.52K","0.43%"
"04/21/2023","24,477.00","24,500.00","24,490.00","24,495.00","6.96K","-2.33%"
"04/20/2023","25,061.00","25,750.00","25,725.00","25,750.00","7.04K","-1.92%"
"04/19/2023","25,551.00","24,700.00","24,650.00","24,700.00","13.91K","-0.32%"
"04/18/2023","25,633.00","25,150.00","25,150.00","25,150.00","9.64K","3.77%"
"04/17/2023","24,701.00","24,700.00","24,500.00","24,500.00","8.63K","2.36%"
"04/14/2023","24,132.00","24,450.00","24,300.00","24,305.00","10.12K","1.83%"
"04/13/2023","23,698.00","23,550.00","23,450.00","23,500.00","3.84K","0.50%"
"04/12/2023","23,579.00","23,250.00","23,180.00","23,180.00","4.96K","0.46%"
"04/11/2023","23,472.00","23,250.00","23,195.00","23,200.00","5.90K","2.95%"
"04/06/2023","22,800.00","22,750.00","22,660.00","22,610.00","6.40K","0.41%"
"04/05/2023","22,706.00","23,100.00","23,050.00","23,100.00","5.23K","-1.81%"
"04/04/2023","23,124.00","23,400.00","23,260.00","23,300.00","4.40K","-1.06%"
"04/03/2023","23,372.00","23,950.00","23,840.00","23,890.00","6.98K","-1.95%"
"03/31/2023","23,838.00","23,400.00","23,300.00","23,300.00","6.96K","2.75%"
"03/30/2023","23,199.00","23,450.00","23,360.00","23,360.00","5.12K","-2.29%"
"03/29/2023","23,743.00","24,500.00","24,400.00","24,450.00","6.32K","-1.37%"
"03/28/2023","24,074.00","23,900.00","23,875.00","23,885.00","8.02K","0.97%"
"03/27/2023","23,843.00","23,900.00","24,100.00","23,900.00","9.16K","1.60%"
"03/24/2023","23,468.00","23,100.00","23,095.00","23,100.00","6.34K","4.22%"
"03/23/2023","22,517.00","22,350.00","22,300.00","22,100.00","5.90K","0.25%"
"03/22/2023","22,461.00","22,800.00","22,700.00","22,725.00","5.79K","-0.24%"
"03/21/2023","22,514.00","22,800.00","22,725.00","22,750.00","8.74K","-1.24%"
"03/20/2023","22,797.00","23,100.00","22,950.00","22,900.00","5.89K","-2.43%"
"03/17/2023","23,364.00","23,550.00","23,545.00","23,550.00","5.45K","0.55%"
"03/16/2023","23,236.00","22,900.00","22,870.00","22,865.00","9.59K","1.01%"
"03/15/2023","23,003.00","23,100.00","22,950.00","22,960.00","8.07K","-0.16%"
"03/14/2023","23,040.00","23,600.00","23,575.00","23,600.00","5.78K","-0.36%"
"03/13/2023","23,123.00","22,950.00","22,925.00","22,950.00","7.51K","1.94%"
"03/10/2023","22,684.00","22,990.00","22,900.00","22,950.00","8.81K","-2.51%"
"03/09/2023","23,269.00","23,470.00","23,425.00","23,450.00","5.86K","-2.94%"
"03/08/2023","23,974.00","23,750.00","23,650.00","23,675.00","5.37K","-0.71%"
"03/07/2023","24,145.00","24,250.00","24,075.00","24,100.00","6.68K","-1.17%"
"03/06/2023","24,430.00","24,640.00","24,600.00","24,640.00","5.53K","-0.68%"
"03/03/2023","24,597.00","24,690.00","24,625.00","24,650.00","7.40K","0.83%"
"03/02/2023","24,395.00","24,450.00","24,330.00","24,380.00","4.79K","-1.99%"
"03/01/2023","24,890.00","25,300.00","25,250.00","25,225.00","5.19K","0.39%"
"02/28/2023","24,794.00","25,150.00","25,100.00","25,100.00","8.86K","-2.79%"
"02/27/2023","25,505.00","24,900.00","24,850.00","24,900.00","5.81K","3.87%"
"02/24/2023","24,554.00","25,200.00","25,200.00","25,200.00","","-3.28%"
"02/23/2023","25,387.00","25,800.00","25,800.00","25,800.00","6.26K","-3.95%"
"02/22/2023","26,431.00","26,500.00","26,450.00","26,500.00","3.04K","-2.49%"
"02/21/2023","27,105.00","27,000.00","26,930.00","26,940.00","2.76K","0.64%"
"02/20/2023","26,932.00","26,400.00","26,350.00","26,400.00","3.81K","4.42%"
"02/17/2023","25,793.00","25,900.00","25,800.00","25,805.00","5.43K","-2.63%"
"02/16/2023","26,489.00","26,100.00","25,950.00","26,000.00","4.20K","1.32%"
"02/15/2023","26,143.00","26,200.00","26,055.00","26,060.00","4.58K","-1.19%"
"02/14/2023","26,459.00","26,800.00","26,850.00","26,800.00","4.76K","-0.63%"
"02/13/2023","26,627.00","27,200.00","27,000.00","27,000.00","6.65K","-4.20%"
"02/10/2023","27,794.00","28,100.00","28,050.00","28,050.00","4.95K","-4.63%"
"02/09/2023","29,142.00","27,350.00","27,275.00","27,300.00","5.09K","6.40%"
"02/08/2023","27,390.00","27,600.00","27,500.00","27,550.00","3.74K","0.52%"
"02/07/2023","27,248.00","27,150.00","27,100.00","27,105.00","6.43K","-0.04%"
"02/06/2023","27,258.00","27,950.00","27,700.00","27,600.00","5.81K","-4.73%"
"02/03/2023","28,612.00","29,400.00","29,390.00","29,400.00","4.10K","-3.95%"
"02/02/2023","29,790.00","29,000.00","28,950.00","29,000.00","5.22K","1.69%"
"02/01/2023","29,296.00","30,500.00","30,300.00","30,350.00","5.96K","-3.45%"
"01/31/2023","30,344.00","29,700.00","29,650.00","29,670.00","4.60K","3.85%"
"01/30/2023","29,219.00","29,845.00","29,840.00","29,845.00","4.93K","1.10%"
"01/27/2023","28,902.00","29,550.00","29,500.00","29,550.00","2.45K","-1.78%"
"01/26/2023","29,427.00","29,100.00","29,050.00","29,075.00","2.18K","0.84%"
"01/25/2023","29,182.00","29,150.00","29,100.00","29,050.00","3.00K","1.39%"
"01/24/2023","28,782.00","28,590.00","28,500.00","28,525.00","3.94K","2.39%"
"01/23/2023","28,110.00","28,000.00","27,950.00","27,950.00","3.14K","-2.30%"
"01/20/2023","28,771.00","29,000.00","28,800.00","28,825.00","2.68K","-1.96%"
"01/19/2023","29,346.00","28,380.00","28,380.00","28,380.00","10.03K","5.39%"
"01/18/2023","27,844.00","27,800.00","27,750.00","27,800.00","5.20K","4.32%"
"01/17/2023","26,690.00","27,000.00","26,900.00","26,950.00","3.91K","-1.94%"
"01/16/2023","27,217.00","27,350.00","27,150.00","27,155.00","3.72K","1.57%"
"01/13/2023","26,795.00","27,400.00","27,350.00","27,400.00","6.56K","-0.81%"
"01/12/2023","27,013.00","26,750.00","26,700.00","26,750.00","8.69K","-0.10%"
"01/11/2023","27,039.00","27,900.00","27,850.00","27,880.00","8.94K","-1.55%"
"01/10/2023","27,466.00","28,000.00","27,900.00","27,950.00","7.28K","0.12%"
"01/09/2023","27,434.00","27,750.00","27,700.00","27,750.00","10.49K","-2.30%"
"01/06/2023","28,079.00","27,800.00","27,625.00","27,650.00","9.30K","1.19%"
"01/05/2023","27,748.00","29,000.00","28,850.00","28,850.00","7.44K","-6.79%"
"01/04/2023","29,768.00","29,950.00","29,950.00","29,950.00","6.07K","-4.34%"
"01/03/2023","31,118.00","31,500.00","31,300.00","31,350.00","5.36K","3.56%"
"12/30/2022","30,048.00","30,700.00","30,500.00","30,550.00","3.35K","-0.70%"
"12/29/2022","30,259.00","30,300.00","30,030.00","30,050.00","3.29K","-0.57%"
"12/28/2022","30,431.00","31,000.00","30,900.00","30,900.00","3.75K","2.99%"
"12/23/2022","29,547.00","29,800.00","29,450.00","29,500.00","3.76K","1.05%"
"12/22/2022","29,240.00","28,750.00","28,700.00","28,750.00","3.65K","-1.19%"
"12/21/2022","29,591.00","28,450.00","28,250.00","28,275.00","4.09K","4.44%"
"12/20/2022","28,334.00","28,800.00","28,575.00","28,625.00","4.31K","4.11%"
"12/19/2022","27,215.00","27,800.00","27,750.00","27,775.00","3.72K","-3.74%"
"12/16/2022","28,273.00","29,250.00","29,075.00","29,100.00","3.36K","-0.13%"
"12/15/2022","28,311.00","28,850.00","28,800.00","28,850.00","7.24K","-0.19%"
"12/14/2022","28,365.00","28,300.00","28,195.00","28,200.00","4.80K","0.28%"
"12/13/2022","28,287.00","29,200.00","29,100.00","29,150.00","5.19K","-4.17%"
"12/12/2022","29,518.00","29,475.00","29,450.00","29,475.00","3.63K","0.29%"
"12/09/2022","29,433.00","30,050.00","30,000.00","30,050.00","3.65K","-0.98%"
"12/08/2022","29,725.00","31,850.00","31,500.00","31,300.00","6.47K","-5.46%"
"12/07/2022","31,441.00","28,925.00","28,900.00","28,925.00","6.91K","7.41%"
"12/06/2022","29,271.00","28,500.00","28,300.00","28,350.00","4.94K","2.06%"
"12/05/2022","28,680.00","28,610.00","28,600.00","28,605.00","3.93K","-0.63%"
"12/02/2022","28,862.00","27,500.00","27,400.00","27,425.00","5.45K","4.57%"
"12/01/2022","27,601.00","27,050.00","27,050.00","26,950.00","5.36K","2.28%"
"11/30/2022","26,987.00","26,800.00","26,500.00","26,505.00","5.97K","0.47%"
"11/29/2022","26,861.00","26,450.00","26,300.00","26,350.00","4.54K","4.77%"
"11/28/2022","25,639.00","25,500.00","25,300.00","25,350.00","2.56K","0.88%"
"11/25/2022","25,416.00","26,000.00","25,700.00","25,750.00","2.26K","-2.62%"
"11/24/2022","26,100.00","26,700.00","26,375.00","26,400.00","1.44K","-0.73%"
"11/23/2022","26,293.00","25,950.00","25,900.00","25,925.00","2.49K","1.04%"
"11/22/2022","26,022.00","25,800.00","25,650.00","25,675.00","4.33K","4.16%"
"11/21/2022","24,983.00","24,700.00","24,650.00","24,625.00","3.90K","-1.58%"
"11/18/2022","25,385.00","25,050.00","25,000.00","25,050.00","6.67K","1.28%"
"11/17/2022","25,064.00","26,350.00","26,250.00","26,200.00","5.84K","-8.96%"
"11/16/2022","27,532.00","28,700.00","28,695.00","28,700.00","6.84K","-9.00%"
"11/15/2022","30,254.00","29,800.00","29,690.00","29,700.00","11.78K","4.90%"
"11/14/2022","28,840.00","27,300.00","27,200.00","27,210.00","9.54K","7.11%"
"11/11/2022","26,925.00","26,200.00","26,050.00","26,100.00","9.91K","3.76%"
"11/10/2022","25,949.00","24,700.00","24,525.00","24,550.00","8.32K","5.11%"
"11/09/2022","24,688.00","24,250.00","24,155.00","24,160.00","6.76K","2.82%"
"11/08/2022","24,012.00","23,600.00","23,525.00","23,530.00","5.12K","2.64%"
"11/07/2022","23,395.00","23,150.00","23,100.00","23,150.00","5.64K","-1.75%"
"11/04/2022","23,811.00","24,000.00","23,900.00","23,875.00","6.60K","4.42%"
"11/03/2022","22,803.00","23,300.00","23,290.00","23,295.00","6.24K","-5.56%"
"11/02/2022","24,145.00","23,600.00","23,550.00","23,500.00","12.66K","2.31%"
"11/01/2022","23,600.00","22,950.00","22,800.00","22,800.00","9.98K","8.21%"
"10/31/2022","21,809.00","21,850.00","21,810.00","21,850.00","7.17K","-1.47%"
"10/28/2022","22,134.00","22,400.00","22,350.00","22,400.00","5.74K","-1.12%"
"10/27/2022","22,384.00","22,400.00","22,375.00","22,375.00","5.64K","-1.26%"
"10/26/2022","22,670.00","22,450.00","22,450.00","22,450.00","4.89K","1.56%"
"10/25/2022","22,322.00","22,150.00","22,100.00","22,075.00","2.79K","0.33%"
"10/24/2022","22,248.00","22,300.00","22,300.00","22,300.00","3.03K","1.36%"
"10/21/2022","21,949.00","21,700.00","21,625.00","21,625.00","5.98K","-1.11%"
"10/20/2022","22,196.00","22,050.00","21,950.00","21,975.00","4.16K","1.14%"
"10/19/2022","21,945.00","21,850.00","21,775.00","21,785.00","4.87K","0.32%"
"10/18/2022","21,876.00","21,700.00","21,600.00","21,600.00","9.46K","1.56%"
"10/17/2022","21,541.00","21,740.00","21,700.00","21,710.00","5.09K","-1.08%"
"10/14/2022","21,777.00","22,150.00","22,050.00","22,100.00","4.24K","-2.90%"
"10/13/2022","22,427.00","22,200.00","22,050.00","22,100.00","6.23K","0.61%"
"10/12/2022","22,292.00","21,850.00","21,775.00","21,785.00","5.21K","0.96%"
"10/11/2022","22,079.00","22,500.00","22,350.00","22,360.00","3.70K","-1.49%"
"10/10/2022","22,412.00","22,450.00","22,250.00","22,255.00","3.30K","-0.33%"
"10/07/2022","22,487.00","22,700.00","22,450.00","22,500.00","2.33K","-1.29%"
"10/06/2022","22,782.00","22,400.00","22,395.00","22,400.00","4.56K","0.86%"
"10/05/2022","22,588.00","22,400.00","22,200.00","22,250.00","4.12K","2.42%"
"10/04/2022","22,055.00","21,480.00","21,365.00","21,385.00","5.04K","3.75%"
"10/03/2022","21,258.00","21,750.00","21,575.00","21,600.00","6.26K","0.72%"
"09/30/2022","21,107.00","22,350.00","22,300.00","22,300.00","5.85K","-5.55%"
"09/29/2022","22,348.00","22,900.00","22,700.00","22,705.00","8.04K","2.49%"
"09/28/2022","21,805.00","21,400.00","21,250.00","21,255.00","8.31K","-0.24%"
"09/27/2022","21,858.00","22,100.00","22,000.00","22,000.00","8.93K","-1.57%"
"09/26/2022","22,206.00","22,400.00","22,315.00","22,325.00","8.23K","-5.15%"
"09/23/2022","23,411.00","23,350.00","23,250.00","23,250.00","4.58K","-4.69%"
"09/22/2022","24,562.00","24,800.00","24,555.00","24,560.00","5.07K","-1.55%"
"09/21/2022","24,949.00","25,000.00","24,900.00","24,900.00","11.90K","-0.06%"
"09/20/2022","24,964.00","24,850.00","24,800.00","24,825.00","3.92K","1.50%"
"09/19/2022","24,594.00","24,800.00","24,790.00","24,800.00","6.17K","1.42%"
"09/16/2022","24,249.00","23,600.00","23,400.00","23,405.00","6.17K","4.85%"
"09/15/2022","23,127.00","23,400.00","23,365.00","23,400.00","6.27K","-4.50%"
"09/14/2022","24,217.00","23,760.00","23,755.00","23,760.00","7.04K","-0.26%"
"09/13/2022","24,281.00","24,800.00","24,700.00","24,750.00","12.22K","-1.20%"
"09/12/2022","24,577.00","23,500.00","23,290.00","23,320.00","8.90K","6.88%"
"09/09/2022","22,994.00","22,500.00","22,250.00","22,300.00","6.78K","5.13%"
"09/08/2022","21,871.00","21,718.50","21,887.50","21,290.50","","1.35%"
"09/07/2022","21,580.00","21,550.00","21,425.00","21,450.00","4.93K","0.03%"
"09/06/2022","21,574.00","21,450.00","21,400.00","21,450.00","4.77K","0.54%"
"09/05/2022","21,458.00","21,150.00","21,075.00","21,080.00","6.18K","4.53%"
"09/02/2022","20,529.00","20,300.00","20,150.00","20,155.00","4.77K","1.07%"
"09/01/2022","20,311.00","20,580.00","20,575.00","20,580.00","7.37K","-5.14%"
"08/31/2022","21,411.00","21,450.00","21,310.00","21,320.00","5.75K","0.20%"
"08/30/2022","21,369.00","21,500.00","21,425.00","21,400.00","8.67K","-1.22%"
"08/26/2022","21,633.00","21,700.00","21,550.00","21,550.00","4.06K","-0.20%"
"08/25/2022","21,677.00","21,500.00","21,360.00","21,400.00","7.81K","1.51%"
"08/24/2022","21,354.00","21,600.00","21,500.00","21,550.00","5.30K","-1.80%"
"08/23/2022","21,745.00","21,855.00","21,850.00","21,855.00","4.41K","-2.68%"
"08/22/2022","22,343.00","22,100.00","21,905.00","21,910.00","4.32K","0.38%"
"08/19/2022","22,258.00","21,800.00","21,640.00","21,650.00","3.69K","2.19%"
"08/18/2022","21,780.00","21,855.00","21,850.00","21,855.00","4.85K","-0.48%"
"08/17/2022","21,885.00","22,250.00","22,050.00","22,075.00","3.26K","-1.57%"
"08/16/2022","22,235.00","22,550.00","22,515.00","22,525.00","5.94K","1.01%"
"08/15/2022","22,013.00","22,060.00","21,850.00","21,900.00","4.05K","-4.44%"
"08/12/2022","23,036.00","23,500.00","23,450.00","23,500.00","3.76K","-2.63%"
"08/11/2022","23,659.00","23,350.00","23,200.00","23,225.00","4.12K","5.20%"
"08/10/2022","22,490.00","21,550.00","21,400.00","21,425.00","4.97K","4.31%"
"08/09/2022","21,561.00","21,500.00","21,450.00","21,450.00","4.31K","-0.57%"
"08/08/2022","21,685.00","21,900.00","21,800.00","21,800.00","4.68K","-2.39%"
"08/05/2022","22,216.00","22,300.00","22,210.00","22,210.00","5.69K","0.03%"
"08/04/2022","22,210.00","22,250.00","22,050.00","22,100.00","4.06K","-0.55%"
"08/03/2022","22,332.00","22,200.00","22,010.00","22,050.00","4.54K","-0.71%"
"08/02/2022","22,492.00","22,900.00","22,850.00","22,850.00","6.24K","-4.59%"
"08/01/2022","23,575.00","24,350.00","24,100.00","24,150.00","9.90K","-0.19%"
"07/29/2022","23,619.00","22,150.00","22,000.00","22,025.00","10.95K","7.68%"
"07/28/2022","21,935.00","21,650.00","21,505.00","21,510.00","6.80K","1.08%"
"07/27/2022","21,700.00","21,732.50","22,023.00","21,343.50","","0.13%"
"07/26/2022","21,672.00","22,686.50","22,784.50","21,477.50","","-1.95%"
"07/25/2022","22,102.00","21,599.50","22,634.50","21,416.50","","-1.21%"
"07/22/2022","22,373.50","21,646.50","22,387.00","21,511.00","","3.52%"
"07/21/2022","21,613.00","21,261.50","21,619.50","20,561.50","","2.27%"
"07/20/2022","21,133.50","21,264.00","21,711.00","20,990.50","","2.14%"
"07/19/2022","20,690.00","20,149.50","21,446.50","20,030.50","","0.56%"
"07/18/2022","20,575.00","19,871.50","20,883.00","19,524.50","","3.90%"
"07/15/2022","19,802.00","18,354.00","19,848.00","18,256.00","","3.07%"
"07/14/2022","19,212.00","20,546.00","20,620.00","19,197.00","","-8.63%"
"07/13/2022","21,026.50","21,814.50","21,837.50","20,830.00","","-1.44%"
"07/12/2022","21,334.00","21,590.00","21,760.50","21,329.50","","-2.50%"
"07/11/2022","21,880.00","21,301.50","21,896.50","21,080.50","","1.39%"
"07/08/2022","21,581.00","21,300.00","21,100.00","21,200.00","","0.21%"
"07/07/2022","21,535.00","22,200.00","22,100.00","22,100.00","8.22K","-1.44%"
"07/06/2022","21,849.00","22,450.00","22,200.00","22,250.00","5.92K","-3.54%"
"07/05/2022","22,652.00","22,100.00","22,050.00","21,950.00","7.30K","0.68%"
"07/04/2022","22,499.00","22,850.00","22,700.00","22,750.00","3.64K","3.09%"
"07/01/2022","21,824.00","21,750.00","21,750.00","21,700.00","8.20K","-3.85%"
"06/30/2022","22,698.00","23,020.00","23,020.00","23,020.00","8.38K","-4.52%"
"06/29/2022","23,773.00","24,950.00","24,700.00","24,700.00","11.56K","2.66%"
"06/28/2022","23,158.00","24,000.00","23,925.00","23,935.00","4.07K","1.21%"
"06/27/2022","22,882.00","23,450.00","23,445.00","23,450.00","6.50K","2.15%"
"06/24/2022","22,400.00","22,850.00","22,825.00","22,850.00","10.21K","-6.81%"
"06/23/2022","24,038.00","24,250.00","24,250.00","24,250.00","12.05K","-1.68%"
"06/22/2022","24,449.00","25,100.00","24,950.00","24,955.00","14.73K","-5.78%"
"06/21/2022","25,949.00","25,650.00","25,550.00","25,550.00","10.43K","0.82%"
"06/20/2022","25,738.00","25,400.00","25,500.00","25,400.00","3.23K","0.27%"
"06/17/2022","25,669.00","25,550.00","25,400.00","25,450.00","4.51K","1.62%"
"06/16/2022","25,259.00","25,625.00","25,600.00","25,625.00","5.65K","-2.31%"
"06/15/2022","25,857.00","25,900.00","25,650.00","25,700.00","6.82K","2.37%"
"06/14/2022","25,259.00","25,535.00","25,500.00","25,535.00","9.85K","-2.58%"
"06/13/2022","25,929.00","26,400.00","26,500.00","26,400.00","16.48K","-4.90%"
"06/10/2022","27,264.00","27,600.00","27,500.00","27,500.00","4.35K","-2.71%"
"06/09/2022","28,023.00","28,145.00","28,140.00","28,145.00","5.73K","-2.88%"
"06/08/2022","28,855.00","29,150.00","29,100.00","29,150.00","4.02K","-2.12%"
"06/07/2022","29,481.00","29,100.00","29,075.00","29,100.00","3.97K","-0.74%"
"06/06/2022","29,701.00","29,450.00","29,425.00","29,450.00","4.70K","5.63%"
"06/01/2022","28,119.00","27,800.00","27,750.00","27,800.00","5.30K","-0.96%"
"05/31/2022","28,392.00","29,000.00","28,750.00","28,800.00","5.80K","-3.03%"
"05/30/2022","29,279.00","30,280.00","30,150.00","30,000.00","4.23K","3.52%"
"05/27/2022","28,284.00","28,200.00","28,150.00","28,200.00","4.98K","3.99%"
"05/26/2022","27,198.00","27,500.00","27,400.00","27,450.00","2.73K","1.53%"
"05/25/2022","26,788.00","26,800.00","26,800.00","26,800.00","4.11K","0.90%"
"05/24/2022","26,550.00","26,300.00","26,245.00","26,250.00","4.38K","-4.26%"
"05/23/2022","27,732.00","26,750.00","26,700.00","26,750.00","4.18K","-0.86%"
"05/20/2022","27,973.00","27,900.00","27,875.00","27,900.00","5.21K","-0.91%"
"05/19/2022","28,231.00","26,200.00","26,190.00","26,195.00","6.82K","7.92%"
"05/18/2022","26,159.00","26,320.00","26,300.00","26,320.00","10.96K","-0.94%"
"05/17/2022","26,406.00","26,200.00","26,250.00","26,200.00","11.46K","-0.54%"
"05/16/2022","26,549.00","26,200.00","26,125.00","26,130.00","7.43K","-2.62%"
"05/13/2022","27,262.00","27,600.00","27,475.00","27,475.00","6.57K","-1.97%"
"05/12/2022","27,810.00","27,750.00","27,600.00","27,625.00","14.16K","0.01%"
"05/11/2022","27,806.00","27,900.00","27,875.00","27,900.00","6.94K","-2.14%"
"05/10/2022","28,414.00","27,910.00","27,900.00","27,910.00","7.39K","0.81%"
"05/09/2022","28,185.00","28,350.00","28,300.00","28,350.00","8.08K","-6.29%"
"05/06/2022","30,076.00","30,075.00","30,030.00","30,030.00","16.41K","-0.13%"
"05/05/2022","30,114.00","30,350.00","30,275.00","30,300.00","6.71K","-1.71%"
"05/04/2022","30,638.00","30,600.00","30,425.00","30,450.00","7.01K","-1.09%"
"05/03/2022","30,975.00","31,025.00","31,000.00","31,025.00","8.20K","-2.51%"
"04/29/2022","31,771.00","32,600.00","32,500.00","32,525.00","4.24K","-3.66%"
"04/28/2022","32,977.00","33,300.00","33,275.00","33,300.00","2.98K","-0.97%"
"04/27/2022","33,300.00","33,250.00","33,200.00","33,200.00","2.80K","0.68%"
"04/26/2022","33,076.00","32,750.00","32,700.00","32,650.00","3.29K","1.35%"
"04/25/2022","32,636.00","32,650.00","32,500.00","32,505.00","3.69K","-1.42%"
"04/22/2022","33,107.00","34,000.00","33,900.00","33,925.00","","-2.37%"
"04/21/2022","33,911.00","33,850.00","33,800.00","33,800.00","2.77K","1.21%"
"04/20/2022","33,505.00","33,800.00","33,750.00","33,750.00","4.71K","-0.78%"
"04/19/2022","33,768.00","33,850.00","33,725.00","33,725.00","5.70K","1.79%"
"04/14/2022","33,175.00","33,250.00","33,200.00","33,200.00","3.22K","0.59%"
"04/13/2022","32,981.00","32,900.00","32,925.00","32,900.00","3.88K","1.52%"
"04/12/2022","32,488.00","33,600.00","32,400.00","32,450.00","5.85K","0.02%"
"04/11/2022","32,483.00","32,900.00","32,800.00","32,850.00","4.39K","-4.05%"
"04/08/2022","33,855.00","34,100.00","33,950.00","34,000.00","4.52K","0.47%"
"04/07/2022","33,698.00","33,475.00","33,425.00","33,475.00","4.83K","0.69%"
"04/06/2022","33,467.00","33,540.00","33,470.00","33,520.00","5.90K","0.47%"
"04/05/2022","33,312.00","33,900.00","33,725.00","33,775.00","4.24K","0.20%"
"04/04/2022","33,245.00","33,700.00","33,550.00","33,600.00","3.85K","0.07%"
"04/01/2022","33,223.00","32,650.00","32,700.00","32,650.00","5.29K","3.48%"
"03/31/2022","32,107.00","33,500.00","33,300.00","33,350.00","6.23K","-2.39%"
"03/30/2022","32,893.00","32,900.00","32,645.00","32,650.00","4.32K","3.43%"
"03/29/2022","31,803.00","32,900.00","32,650.00","32,700.00","9.05K","-2.82%"
"03/28/2022","32,725.00","34,000.00","34,040.00","34,000.00","4.92K","-7.79%"
"03/25/2022","35,491.00","36,000.00","35,950.00","36,000.00","12.94K","-4.21%"
"03/24/2022","37,049.50","35,964.50","37,234.50","35,964.50","","14.42%"
"03/23/2022","32,380.00","32,380.00","32,380.00","32,380.00","12.12K","14.99%"
"03/22/2022","28,159.00","28,375.00","29,900.00","28,375.00","53.70K","-10.84%"
"03/21/2022","31,582.50","31,379.50","31,582.50","31,379.50","","-14.44%"
"03/18/2022","36,914.50","36,864.50","36,914.50","36,864.50","","-11.99%"
"03/17/2022","41,944.50","41,944.50","41,944.50","41,944.50","","-8.00%"
"03/16/2022","45,590.00","45,590.00","45,589.50","41,979.50","1.00K","-5.09%"
"03/10/2022","48,033.00","48,033.00","48,033.00","48,033.00","","-0.03%"
"03/09/2022","48,048.00","50,271.50","50,271.50","50,271.50","","-40.72%"
"03/08/2022","81,051.50","81,066.50","86,791.50","81,031.50","","68.58%"
"03/07/2022","48,078.00","42,200.00","42,100.00","42,200.00","74.25K","66.25%"
"03/04/2022","28,919.00","28,600.00","28,650.00","28,600.00","36.07K","7.52%"
"03/03/2022","26,897.00","27,980.00","27,970.00","27,980.00","32.40K","3.93%"
"03/02/2022","25,879.00","26,350.00","26,300.00","26,350.00","22.11K","3.09%"
"03/01/2022","25,103.00","24,900.00","24,875.00","24,900.00","15.92K","3.38%"
"02/28/2022","24,282.00","24,750.00","24,745.00","24,750.00","21.93K","-0.32%"
"02/25/2022","24,361.00","24,240.00","24,225.00","24,240.00","24.14K","-1.44%"
"02/24/2022","24,716.00","25,650.00","25,625.00","25,650.00","37.51K","1.31%"
"02/23/2022","24,396.00","24,600.00","24,575.00","24,600.00","17.38K","-0.66%"
"02/22/2022","24,558.00","24,950.00","24,850.00","24,830.00","23.69K","0.86%"
"02/21/2022","24,349.00","24,350.00","24,325.00","24,350.00","13.15K","0.85%"
"02/18/2022","24,144.00","24,100.00","24,050.00","24,100.00","18.07K","1.08%"
"02/17/2022","23,886.00","23,800.00","23,750.00","23,750.00","15.30K","2.05%"
"02/16/2022","23,406.00","23,600.00","23,560.00","23,600.00","12.06K","0.49%"
"02/15/2022","23,292.00","23,550.00","23,550.00","23,550.00","15.00K","0.53%"
"02/14/2022","23,170.00","23,425.00","23,400.00","23,425.00","19.92K","0.52%"
"02/11/2022","23,051.00","23,400.00","23,370.00","23,380.00","19.42K","-2.02%"
"02/10/2022","23,526.00","23,650.00","23,600.00","23,625.00","19.41K","1.46%"
"02/09/2022","23,187.00","23,150.00","23,100.00","23,150.00","16.67K","2.18%"
"02/08/2022","22,692.00","23,150.00","23,100.00","23,140.00","20.27K","-3.02%"
"02/07/2022","23,398.00","23,200.00","23,200.00","23,200.00","22.64K","1.77%"
"02/04/2022","22,991.00","22,975.00","22,925.00","22,975.00","11.25K","0.55%"
"02/03/2022","22,866.00","22,750.00","22,725.00","22,750.00","9.49K","0.00%"
"02/02/2022","22,866.00","22,775.00","22,745.00","22,755.00","10.09K","0.45%"
"02/01/2022","22,764.00","22,730.00","22,730.00","22,730.00","11.66K","1.95%"
"01/31/2022","22,328.00","22,375.00","22,350.00","22,350.00","10.61K","-0.02%"
"01/28/2022","22,332.00","22,300.00","22,225.00","22,235.00","12.93K","-0.29%"
"01/27/2022","22,398.00","22,575.00","22,550.00","22,575.00","21.52K","-1.31%"
"01/26/2022","22,695.00","22,800.00","22,775.00","22,800.00","17.06K","1.59%"
"01/25/2022","22,340.00","22,400.00","22,250.00","22,275.00","26.93K","-0.29%"
"01/24/2022","22,404.00","23,050.00","23,000.00","23,050.00","37.55K","-6.76%"
"01/21/2022","24,028.00","23,750.00","23,715.00","23,700.00","22.93K","0.98%"
"01/20/2022","23,795.00","23,585.00","23,565.00","23,585.00","43.87K","2.77%"
"01/19/2022","23,154.00","22,540.00","22,530.00","22,540.00","21.30K","4.90%"
"01/18/2022","22,073.00","22,200.00","22,190.00","22,190.00","17.19K","0.05%"
"01/17/2022","22,063.00","22,000.00","21,950.00","21,900.00","15.93K","-0.59%"
"01/14/2022","22,194.00","22,300.00","22,400.00","22,300.00","26.70K","0.08%"
"01/13/2022","22,176.00","21,975.00","21,950.00","21,975.00","17.34K","0.51%"
"01/12/2022","22,064.00","21,980.00","21,980.00","21,980.00","39.93K","1.24%"
"01/11/2022","21,794.00","20,550.00","21,475.00","20,550.00","25.28K","4.78%"
"01/10/2022","20,799.00","20,900.00","20,850.00","20,900.00","0.41K","0.31%"
"01/07/2022","20,734.00","20,700.00","20,600.00","20,600.00","15.60K","1.72%"
"01/06/2022","20,383.00","20,360.00","20,340.00","20,360.00","15.60K","-1.24%"
"01/05/2022","20,638.00","20,775.00","20,730.00","20,740.00","18.25K","-2.36%"
"01/04/2022","21,137.00","20,625.00","20,590.00","20,600.00","28.46K","1.83%"
"12/31/2021","20,757.00","20,800.00","20,750.00","20,750.00","14.03K","0.83%"
"12/30/2021","20,587.00","20,525.00","20,490.00","20,500.00","14.03K","1.00%"
"12/29/2021","20,383.00","20,230.00","20,200.00","20,215.00","16.09K","1.69%"
"12/24/2021","20,045.00","20,130.00","20,100.00","20,100.00","5.28K","0.12%"
"12/23/2021","20,021.00","20,050.00","20,040.00","20,050.00","10.94K","0.35%"
"12/22/2021","19,951.00","19,900.00","19,850.00","19,855.00","13.94K","1.71%"
"12/21/2021","19,615.00","19,565.00","19,560.00","19,565.00","14.15K","1.42%"
"12/20/2021","19,340.00","19,260.00","19,235.00","19,240.00","11.55K","-1.57%"
"12/17/2021","19,648.00","19,710.00","19,695.00","19,700.00","15.77K","0.12%"
"12/16/2021","19,624.00","19,510.00","19,500.00","19,500.00","22.53K","2.66%"
"12/15/2021","19,116.00","19,275.00","19,250.00","19,275.00","20.56K","-1.89%"
"12/14/2021","19,485.00","19,660.00","19,650.00","19,660.00","15.39K","-1.15%"
"12/13/2021","19,711.00","19,775.00","19,775.00","19,775.00","14.14K","-0.18%"
"12/10/2021","19,746.00","19,850.00","19,820.00","19,820.00","14.18K","-0.65%"
"12/09/2021","19,875.00","19,830.00","19,820.00","19,830.00","13.40K","-1.75%"
"12/08/2021","20,230.00","20,275.00","20,250.00","20,275.00","12.67K","0.20%"
"12/07/2021","20,189.00","20,110.00","20,060.00","20,110.00","20.95K","1.86%"
"12/06/2021","19,820.00","19,875.00","19,825.00","19,875.00","15.58K","-1.05%"
"12/03/2021","20,030.00","20,150.00","20,100.00","20,150.00","20.17K","0.39%"
"12/02/2021","19,953.00","20,050.00","20,020.00","20,030.00","15.21K","0.04%"
"12/01/2021","19,946.00","20,300.00","20,250.00","20,300.00","18.66K","0.25%"
"11/30/2021","19,897.00","20,140.00","20,100.00","20,125.00","21.67K","-1.21%"
"11/29/2021","20,141.00","20,150.00","20,125.00","20,150.00","17.93K","1.23%"
"11/26/2021","19,897.00","20,150.00","20,050.00","20,075.00","26.99K","-3.73%"
"11/25/2021","20,667.00","20,875.00","20,825.00","20,850.00","14.97K","-0.86%"
"11/24/2021","20,846.00","21,050.00","21,000.00","21,050.00","34.87K","2.44%"
"11/23/2021","20,349.00","20,450.00","20,420.00","20,420.00","19.03K","0.06%"
"11/22/2021","20,336.00","20,125.00","20,075.00","20,125.00","16.41K","1.46%"
"11/19/2021","20,044.00","19,825.00","19,830.00","19,825.00","26.40K","2.06%"
"11/18/2021","19,639.00","19,200.00","19,175.00","19,200.00","15.63K","1.47%"
"11/17/2021","19,355.00","19,470.00","19,450.00","19,460.00","14.83K","-0.20%"
"11/16/2021","19,394.00","19,550.00","19,525.00","19,550.00","19.16K","-1.02%"
"11/15/2021","19,594.00","19,800.00","19,750.00","19,800.00","16.07K","-1.93%"
"11/12/2021","19,979.00","19,775.00","19,725.00","19,725.00","16.92K","1.11%"
"11/11/2021","19,759.00","19,715.00","19,710.00","19,715.00","13.99K","0.03%"
"11/10/2021","19,754.00","19,600.00","19,500.00","19,550.00","16.45K","1.82%"
"11/09/2021","19,401.00","19,635.00","19,625.00","19,635.00","12.77K","-1.22%"
"11/08/2021","19,640.00","19,600.00","19,550.00","19,575.00","15.29K","1.06%"
"11/05/2021","19,434.00","19,225.00","19,200.00","19,225.00","13.77K","1.53%"
"11/04/2021","19,141.00","19,470.00","19,430.00","19,450.00","15.48K","-0.11%"
"11/03/2021","19,162.00","19,700.00","19,690.00","19,700.00","20.20K","-2.24%"
"11/02/2021","19,601.00","19,700.00","19,670.00","19,680.00","16.68K","-0.51%"
"11/01/2021","19,702.00","19,500.00","19,460.00","19,470.00","16.19K","1.31%"
"10/29/2021","19,448.00","19,360.00","19,300.00","19,310.00","21.87K","-0.64%"
"10/28/2021","19,574.00","19,690.00","19,670.00","19,690.00","17.79K","0.83%"
"10/27/2021","19,412.00","19,675.00","19,650.00","19,640.00","29.54K","-3.38%"
"10/26/2021","20,091.00","20,400.00","20,350.00","20,375.00","24.08K","-1.06%"
"10/25/2021","20,306.00","20,030.00","20,020.00","20,030.00","16.35K","2.87%"
"10/22/2021","19,739.00","20,275.00","20,210.00","20,220.00","20.49K","-0.96%"
"10/21/2021","19,930.00","20,500.00","20,475.00","20,475.00","32.32K","-4.93%"
"10/20/2021","20,963.00","20,000.00","19,955.00","19,960.00","29.83K","4.55%"
"10/19/2021","20,050.00","20,450.00","20,400.00","20,450.00","33.77K","0.27%"
"10/18/2021","19,997.00","20,200.00","20,150.00","20,175.00","21.18K","-0.11%"
"10/15/2021","20,020.00","19,900.00","19,825.00","19,830.00","29.20K","3.76%"
"10/14/2021","19,294.00","19,265.00","19,270.00","19,260.00","18.25K","1.99%"
"10/13/2021","18,918.00","19,200.00","19,190.00","19,190.00","14.61K","-0.32%"
"10/12/2021","18,978.00","19,350.00","19,330.00","19,350.00","15.73K","-0.74%"
"10/11/2021","19,119.00","19,380.00","19,360.00","19,370.00","18.40K","-0.53%"
"10/08/2021","19,221.00","18,890.00","18,870.00","18,890.00","27.71K","5.24%"
"10/07/2021","18,264.00","18,240.00","18,250.00","18,240.00","14.97K","1.06%"
"10/06/2021","18,072.00","18,100.00","18,090.00","18,100.00","9.51K","-0.27%"
"10/05/2021","18,121.00","17,845.00","17,850.00","17,810.00","12.24K","1.10%"
"10/04/2021","17,924.00","18,125.00","18,100.00","18,125.00","13.30K","-0.26%"
"10/01/2021","17,971.00","18,100.00","18,080.00","18,100.00","11.97K","0.20%"
"09/30/2021","17,936.00","18,170.00","18,100.00","18,100.00","19.54K","-2.21%"
"09/29/2021","18,342.00","18,600.00","18,555.00","18,555.00","21.27K","-1.20%"
"09/28/2021","18,564.00","18,610.00","18,585.00","18,600.00","17.46K","-2.02%"
"09/27/2021","18,946.00","18,900.00","18,910.00","18,870.00","15.60K","-2.27%"
"09/24/2021","19,387.00","19,150.00","19,100.00","19,125.00","14.90K","0.19%"
"09/23/2021","19,351.00","19,250.00","19,230.00","19,235.00","17.48K","0.68%"
"09/22/2021","19,221.00","19,060.00","19,045.00","19,050.00","20.23K","2.08%"
"09/21/2021","18,830.00","18,930.00","18,910.00","18,920.00","17.55K","-1.19%"
"09/20/2021","19,056.00","19,050.00","19,025.00","19,050.00","18.17K","-1.56%"
"09/17/2021","19,358.00","20,000.00","19,975.00","20,000.00","28.10K","-0.22%"
"09/16/2021","19,401.00","19,550.00","19,475.00","19,485.00","22.03K","-3.07%"
"09/15/2021","20,016.00","19,840.00","19,825.00","19,840.00","24.77K","2.00%"
"09/14/2021","19,623.00","19,600.00","19,600.00","19,600.00","18.56K","-0.52%"
"09/13/2021","19,726.00","19,880.00","19,850.00","19,880.00","25.92K","-3.27%"
"09/10/2021","20,392.00","20,425.00","20,350.00","20,375.00","28.90K","1.00%"
"09/09/2021","20,190.00","20,155.00","20,150.00","20,155.00","30.94K","2.42%"
"09/08/2021","19,713.00","19,740.00","19,705.00","19,705.00","18.00K","1.06%"
"09/07/2021","19,506.00","19,550.00","19,525.00","19,550.00","15.74K","-0.75%"
"09/06/2021","19,654.00","19,620.00","19,610.00","19,620.00","14.50K","-0.68%"
"09/03/2021","19,789.00","19,432.50","19,942.50","19,292.50","22.03K","1.67%"
"09/02/2021","19,464.00","19,375.00","19,562.50","19,157.50","18.24K","0.68%"
"09/01/2021","19,332.00","19,580.00","19,617.50","19,252.50","20.76K","-1.10%"
"08/31/2021","19,547.00","19,582.50","19,807.50","19,455.00","34.72K","2.82%"
"08/27/2021","19,011.00","18,810.00","19,055.00","18,632.50","19.10K","1.27%"
"08/26/2021","18,772.00","19,202.50","19,247.50","18,735.00","18.09K","-2.08%"
"08/25/2021","19,170.00","19,042.50","19,282.50","18,970.00","16.86K","0.50%"
"08/24/2021","19,074.00","18,865.00","19,247.50","18,800.00","16.55K","0.96%"
"08/23/2021","18,893.00","18,457.50","19,032.50","18,447.50","17.92K","2.33%"
"08/20/2021","18,463.00","18,410.00","18,682.50","18,365.00","19.56K","0.42%"
"08/19/2021","18,385.00","18,920.00","18,957.50","18,345.00","32.37K","-2.66%"
"08/18/2021","18,887.00","19,207.50","19,362.50","18,840.00","23.10K","-1.59%"
"08/17/2021","19,193.00","19,557.50","19,692.50","19,092.50","23.18K","-1.62%"
"08/16/2021","19,510.00","19,640.00","19,692.50","19,465.00","11.19K","-0.74%"
"08/13/2021","19,656.00","19,645.00","19,757.50","19,540.00","17.36K","-0.11%"
"08/12/2021","19,678.00","19,347.50","19,765.00","19,342.50","24.34K","1.60%"
"08/11/2021","19,368.00","18,870.00","19,467.50","18,677.50","20.08K","2.20%"
"08/10/2021","18,952.00","18,607.50","18,977.50","18,597.50","19.60K","1.78%"
"08/09/2021","18,620.00","19,152.50","19,175.00","18,537.50","20.93K","-3.09%"
"08/06/2021","19,214.00","19,380.00","19,567.50","19,170.00","13.63K","-1.32%"
"08/05/2021","19,472.00","19,262.50","19,557.50","19,150.00","18.99K","1.19%"
"08/04/2021","19,243.00","19,360.00","19,475.00","19,212.50","14.34K","-0.75%"
"08/03/2021","19,388.00","19,475.00","19,500.00","19,130.00","21.17K","-0.66%"
"08/02/2021","19,516.00","19,547.50","19,757.50","19,325.00","17.80K","-0.18%"
"07/30/2021","19,552.00","19,880.00","19,957.50","19,415.00","24.62K","-1.43%"
"07/29/2021","19,835.00","19,560.00","19,907.50","19,552.50","20.87K","1.49%"
"07/28/2021","19,543.00","19,360.00","19,782.50","19,360.00","15.94K","0.96%"
"07/27/2021","19,357.00","19,680.00","19,792.50","19,220.00","23.07K","-1.83%"
"07/26/2021","19,717.00","19,477.50","19,777.50","19,390.00","17.09K","1.78%"
"07/23/2021","19,372.00","18,862.50","19,497.50","18,842.50","16.63K","2.38%"
"07/22/2021","18,922.00","18,617.50","18,952.50","18,520.00","18.68K","1.84%"
"07/21/2021","18,580.00","18,675.00","18,687.50","18,277.50","13.76K","-0.56%"
"07/20/2021","18,684.00","18,430.00","18,692.50","18,402.50","20.25K","1.20%"
"07/19/2021","18,462.00","19,080.00","19,157.50","18,355.00","25.84K","-3.19%"
"07/16/2021","19,070.00","18,742.50","19,212.50","18,692.50","23.00K","1.61%"
"07/15/2021","18,768.00","18,552.50","18,807.50","18,437.50","12.95K","1.01%"
"07/14/2021","18,581.00","18,665.00","18,817.50","18,520.00","13.54K","-1.05%"
"07/13/2021","18,778.00","18,692.50","18,855.00","18,477.50","18.02K","0.53%"
"07/12/2021","18,679.00","18,760.00","18,827.50","18,465.00","14.86K","-0.36%"
"07/09/2021","18,747.00","18,375.00","18,775.00","18,310.00","22.04K","2.25%"
"07/08/2021","18,334.00","18,307.50","18,427.50","18,165.00","15.50K","0.13%"
"07/07/2021","18,310.00","18,027.50","18,460.00","17,990.00","18.12K","1.76%"
"07/06/2021","17,994.00","18,440.00","18,615.00","17,935.00","28.14K","-2.27%"
"07/05/2021","18,412.00","18,315.00","18,512.50","18,250.00","8.64K","0.38%"
"07/02/2021","18,342.00","18,122.50","18,442.50","17,925.00","16.37K","1.31%"
"07/01/2021","18,105.00","18,242.50","18,312.50","18,012.50","14.86K","-0.60%"
"06/30/2021","18,214.00","18,387.50","18,565.00","18,182.50","15.64K","-0.78%"
"06/29/2021","18,358.00","18,272.50","18,412.50","18,115.00","14.44K","0.32%"
"06/28/2021","18,299.00","18,560.00","18,597.50","18,215.00","18.30K","-1.21%"
"06/25/2021","18,523.00","18,450.00","18,587.50","18,415.00","22.06K","0.63%"
"06/24/2021","18,407.00","18,067.50","18,497.50","17,902.50","29.34K","1.90%"
"06/23/2021","18,064.00","17,767.50","18,077.50","17,720.00","15.97K","1.80%"
"06/22/2021","17,744.00","17,477.50","17,827.50","17,430.00","18.36K","1.68%"
"06/21/2021","17,450.00","17,197.50","17,547.50","17,170.00","14.55K","1.73%"
"06/18/2021","17,154.00","17,190.00","17,445.00","17,107.50","14.91K","-0.12%"
"06/17/2021","17,174.00","17,350.00","17,512.50","17,095.00","19.26K","-2.69%"
"06/16/2021","17,649.00","17,590.00","17,707.50","17,427.50","17.37K","-0.51%"
"06/15/2021","17,739.00","18,440.00","18,455.00","17,530.00","34.70K","-4.01%"
"06/14/2021","18,480.00","18,300.00","18,492.50","18,242.50","9.87K","1.39%"
"06/11/2021","18,227.00","18,212.50","18,427.50","18,177.50","14.93K","-0.31%"
"06/10/2021","18,283.00","18,097.50","18,327.50","17,797.50","19.33K","0.81%"
"06/09/2021","18,136.00","17,967.50","18,195.00","17,957.50","15.00K","1.08%"
"06/08/2021","17,942.00","17,967.50","18,057.50","17,745.00","13.63K","0.28%"
"06/07/2021","17,892.00","18,005.00","18,030.00","17,655.00","10.72K","-0.71%"
"06/04/2021","18,020.00","17,935.00","18,180.00","17,797.50","13.76K","0.72%"
"06/03/2021","17,891.00","18,227.50","18,472.50","17,757.50","18.63K","-1.89%"
"06/02/2021","18,236.00","18,127.50","18,365.00","18,065.00","13.01K","0.58%"
"06/01/2021","18,130.00","18,180.00","18,407.50","18,005.00","23.06K","0.09%"
"05/28/2021","18,113.00","18,050.00","18,232.50","17,772.50","23.07K","1.20%"
"05/27/2021","17,898.00","17,280.00","18,207.50","17,132.50","19.78K","3.53%"
"05/26/2021","17,288.00","17,090.00","17,360.00","17,047.50","12.13K","1.46%"
"05/25/2021","17,040.00","17,162.50","17,225.00","16,997.50","13.31K","-0.46%"
"05/24/2021","17,118.00","16,745.00","17,227.50","16,627.50","11.79K","1.95%"
"05/21/2021","16,791.00","17,087.50","17,187.50","16,657.50","17.85K","-2.08%"
"05/20/2021","17,148.00","17,300.00","17,470.00","17,070.00","13.42K","-1.00%"
"05/19/2021","17,322.00","17,990.00","18,087.50","17,285.00","23.68K","-3.60%"
"05/18/2021","17,968.00","17,935.00","18,217.50","17,930.00","20.40K","0.32%"
"05/17/2021","17,911.00","17,660.00","17,945.00","17,540.00","14.88K","2.09%"
"05/14/2021","17,544.00","17,330.00","17,695.00","17,070.00","14.78K","1.28%"
"05/13/2021","17,323.00","17,770.00","17,782.50","17,152.50","19.52K","-2.66%"
"05/12/2021","17,797.00","17,970.00","18,177.50","17,675.00","15.09K","-0.77%"
"05/11/2021","17,936.00","17,695.00","18,055.00","17,620.00","17.22K","0.98%"
"05/10/2021","17,762.00","18,172.50","18,257.50","17,627.50","27.29K","-1.77%"
"05/07/2021","18,082.00","17,937.50","18,112.50","17,765.00","16.36K","0.81%"
"05/06/2021","17,937.00","17,840.00","18,032.50","17,435.00","18.44K","0.23%"
"05/05/2021","17,896.00","17,747.50","18,032.50","17,712.50","12.88K","1.28%"
"05/04/2021","17,669.00","17,665.00","17,992.50","17,580.00","17.37K","-0.03%"
"04/30/2021","17,674.00","17,315.00","17,697.50","17,222.50","18.49K","2.42%"
"04/29/2021","17,257.00","17,420.00","17,587.50","17,172.50","20.37K","-0.99%"
"04/28/2021","17,429.00","16,952.50","17,437.50","16,847.50","24.17K","2.75%"
"04/27/2021","16,963.00","16,685.00","16,997.50","16,657.50","21.13K","1.78%"
"04/26/2021","16,666.00","16,387.50","16,697.50","16,315.00","11.47K","1.65%"
"04/23/2021","16,395.00","16,012.50","16,410.00","15,927.50","12.36K","2.07%"
"04/22/2021","16,063.00","16,225.00","16,232.50","15,960.00","12.25K","-0.84%"
"04/21/2021","16,199.00","15,990.00","16,272.50","15,982.50","13.70K","1.00%"
"04/20/2021","16,038.00","16,185.00","16,322.50","15,947.50","14.33K","-0.51%"
"04/19/2021","16,121.00","16,235.00","16,235.00","16,012.50","10.86K","-1.48%"
"04/16/2021","16,363.00","16,355.00","16,482.50","16,110.00","11.75K","-0.01%"
"04/15/2021","16,364.00","16,350.00","16,412.50","16,062.50","14.71K","-0.09%"
"04/14/2021","16,378.00","16,117.50","16,397.50","16,047.50","10.90K","1.34%"
"04/13/2021","16,161.00","16,170.00","16,285.00","16,052.50","11.60K","0.17%"
"04/12/2021","16,134.00","16,667.50","16,687.50","16,127.50","12.79K","-2.97%"
"04/09/2021","16,628.00","16,800.00","16,862.50","16,547.50","12.64K","-1.19%"
"04/08/2021","16,828.00","16,647.50","16,872.50","16,465.00","13.82K","1.15%"
"04/07/2021","16,636.00","16,725.00","16,775.00","16,590.00","10.99K","-0.62%"
"04/06/2021","16,740.00","16,372.50","16,792.50","16,327.50","20.18K","3.24%"
"04/01/2021","16,214.00","16,150.00","16,245.00","15,947.50","13.25K","0.91%"
"03/31/2021","16,068.00","15,955.00","16,177.50","15,872.50","11.36K","0.75%"
"03/30/2021","15,948.00","16,200.00","16,395.00","15,847.50","15.30K","-1.65%"
"03/29/2021","16,216.00","16,410.00","16,457.50","16,112.50","8.42K","-1.06%"
"03/26/2021","16,389.00","16,182.50","16,445.00","16,152.50","9.03K","1.47%"
"03/25/2021","16,152.00","16,147.50","16,232.50","15,945.00","10.93K","-0.23%"
"03/24/2021","16,190.00","16,102.50","16,245.00","16,055.00","8.04K","0.25%"
"03/23/2021","16,149.00","16,450.00","16,677.50","16,025.00","15.38K","-1.91%"
"03/22/2021","16,463.00","16,230.00","16,547.50","16,157.50","10.51K","1.01%"
"03/19/2021","16,299.00","15,995.00","16,332.50","15,802.50","13.60K","1.64%"
"03/18/2021","16,036.00","16,182.50","16,332.50","16,012.50","9.79K","-0.22%"
"03/17/2021","16,071.00","16,130.00","16,205.00","15,940.00","12.27K","-0.50%"
"03/16/2021","16,151.00","16,182.50","16,320.00","16,025.00","17.66K","-0.39%"
"03/15/2021","16,214.00","16,025.00","16,375.00","15,852.50","17.31K","1.26%"
"03/12/2021","16,013.00","16,315.00","16,327.50","15,907.50","14.23K","-1.39%"
"03/11/2021","16,239.00","16,117.50","16,535.00","16,057.50","16.41K","1.18%"
"03/10/2021","16,050.00","16,127.50","16,350.00","15,930.00","16.11K","-0.20%"
"03/09/2021","16,082.00","16,380.00","16,412.50","15,670.00","20.24K","-1.58%"
"03/08/2021","16,340.00","16,540.00","16,627.50","16,067.50","18.72K","-0.52%"
"03/05/2021","16,425.00","15,930.00","16,685.00","15,902.50","29.58K","1.81%"
"03/04/2021","16,133.00","17,222.50","17,470.00","15,952.50","44.65K","-7.37%"
"03/03/2021","17,417.00","18,682.50","18,732.50","17,220.00","53.13K","-6.72%"
"03/02/2021","18,672.00","18,647.50","18,722.50","18,280.00","24.66K","-0.05%"
"03/01/2021","18,682.00","18,672.50","18,887.50","18,505.00","17.23K","0.57%"
"02/26/2021","18,577.00","18,875.00","19,127.50","18,517.50","29.63K","-3.25%"
"02/25/2021","19,202.00","19,895.00","19,965.00","18,745.00","27.85K","-2.57%"
"02/24/2021","19,709.00","19,367.50","19,882.50","19,107.50","19.23K","1.84%"
"02/23/2021","19,352.00","19,525.00","19,895.00","18,995.00","28.11K","-0.72%"
"02/22/2021","19,493.00","19,727.50","20,107.50","19,315.00","34.84K","-0.48%"
"02/19/2021","19,588.00","19,192.50","19,807.50","19,092.50","36.23K","2.30%"
"02/18/2021","19,148.00","18,767.50","19,207.50","18,730.00","24.46K","2.07%"
"02/17/2021","18,760.00","18,805.00","18,837.50","18,677.50","9.26K","-0.29%"
"02/16/2021","18,814.00","18,622.50","18,857.50","18,515.00","7.72K","1.03%"
"02/15/2021","18,623.00","18,625.00","18,787.50","18,585.00","8.04K","0.29%"
"02/12/2021","18,569.00","18,600.00","18,642.50","18,262.50","11.61K","-0.27%"
"02/11/2021","18,620.00","18,635.00","18,717.50","18,572.50","10.27K","-0.25%"
"02/10/2021","18,666.00","18,352.50","18,717.50","18,245.00","16.99K","1.61%"
"02/09/2021","18,370.00","18,195.00","18,417.50","18,117.50","14.14K","1.12%"
"02/08/2021","18,167.00","18,102.50","18,190.00","18,042.50","9.58K","0.77%"
"02/05/2021","18,029.00","17,637.50","18,117.50","17,637.50","16.60K","2.17%"
"02/04/2021","17,646.00","17,640.00","17,720.00","17,482.50","13.76K","0.01%"
"02/03/2021","17,645.00","17,750.00","17,822.50","17,522.50","14.49K","-0.29%"
"02/02/2021","17,697.00","17,890.00","17,935.00","17,657.50","14.45K","-0.91%"
"02/01/2021","17,860.00","17,700.00","17,965.00","17,692.50","17.08K","0.96%"
"01/29/2021","17,691.00","17,780.00","18,010.00","17,520.00","22.64K","-0.61%"
"01/28/2021","17,800.00","17,785.00","17,972.50","17,562.50","18.78K","-0.65%"
"01/27/2021","17,916.00","18,117.50","18,185.00","17,687.50","15.31K","-0.78%"
"01/26/2021","18,057.00","18,282.50","18,355.00","18,037.50","11.23K","-1.06%"
"01/25/2021","18,250.00","18,212.50","18,477.50","18,112.50","12.74K","-0.10%"
"01/22/2021","18,269.00","18,365.00","18,407.50","17,860.00","21.76K","-0.68%"
"01/21/2021","18,395.00","18,210.00","18,510.00","18,200.00","21.58K","0.95%"
"01/20/2021","18,222.00","18,210.00","18,262.50","18,022.50","12.28K","0.04%"
"01/19/2021","18,215.00","18,132.50","18,405.00","17,952.50","14.64K","0.88%"
"01/18/2021","18,056.00","18,005.00","18,237.50","18,005.00","10.65K","0.27%"
"01/15/2021","18,007.00","18,322.50","18,452.50","17,792.50","24.04K","-1.50%"
"01/14/2021","18,281.00","17,697.50","18,397.50","17,605.00","23.37K","3.41%"
"01/13/2021","17,678.00","17,782.50","17,870.00","17,500.00","21.16K","0.06%"
"01/12/2021","17,668.00","17,172.50","17,715.00","17,157.50","19.08K","3.41%"
"01/11/2021","17,086.00","17,525.00","17,632.50","17,037.50","24.40K","-3.29%"
"01/08/2021","17,667.00","18,095.00","18,167.50","17,467.50","17.54K","-2.44%"
"01/07/2021","18,109.00","17,792.50","18,195.00","17,757.50","25.17K","1.89%"
"01/06/2021","17,773.00","17,767.50","17,937.50","17,517.50","22.14K","0.51%"
"01/05/2021","17,682.00","17,387.50","17,757.50","17,327.50","16.02K","1.60%"
"01/04/2021","17,404.00","16,660.00","17,505.00","16,660.00","25.29K","4.76%"
"12/31/2020","16,613.00","16,790.00","16,872.50","16,562.50","7.95K","-0.99%"
"12/30/2020","16,779.00","16,892.50","16,982.50","16,715.00","11.05K","-0.89%"
"12/29/2020","16,930.00","17,237.50","17,405.00","16,857.50","15.42K","-0.37%"
"12/24/2020","16,993.00","16,887.50","17,130.00","16,797.50","8.69K","0.71%"
"12/23/2020","16,874.00","16,682.50","16,965.00","16,295.00","16.39K","1.56%"
"12/22/2020","16,614.00","17,315.00","17,430.00","16,582.50","24.17K","-3.78%"
"12/21/2020","17,267.00","17,465.00","17,805.00","17,087.50","27.11K","-1.24%"
"12/18/2020","17,484.00","17,490.00","17,717.50","17,430.00","11.64K","-0.19%"
"12/17/2020","17,517.00","17,412.50","17,665.00","17,312.50","20.26K","0.61%"
"12/16/2020","17,411.00","17,635.00","17,727.50","17,282.50","19.68K","-0.94%"
"12/15/2020","17,577.00","17,592.50","17,877.50","17,482.50","21.27K","-0.07%"
"12/14/2020","17,590.00","17,355.00","17,782.50","17,282.50","23.28K","1.77%"
"12/11/2020","17,284.00","17,445.00","17,662.50","17,132.50","24.21K","-0.84%"
"12/10/2020","17,430.00","16,667.50","17,497.50","16,610.00","30.75K","4.35%"
"12/09/2020","16,703.00","16,387.50","16,835.00","16,362.50","24.80K","1.86%"
"12/08/2020","16,398.00","16,327.50","16,530.00","16,282.50","15.06K","0.15%"
"12/07/2020","16,373.00","16,365.00","16,457.50","16,292.50","12.57K","-0.16%"
"12/04/2020","16,399.00","15,962.50","16,417.50","15,887.50","20.46K","2.79%"
"12/03/2020","15,954.00","15,985.00","16,042.50","15,825.00","13.59K","-0.29%"
"12/02/2020","16,000.00","16,215.00","16,265.00","15,827.50","20.93K","-1.71%"
"12/01/2020","16,278.00","16,065.00","16,287.50","15,967.50","17.91K","1.53%"
"11/30/2020","16,033.00","16,412.50","16,520.00","15,995.00","19.58K","-2.56%"
"11/27/2020","16,455.00","16,285.00","16,487.50","16,265.00","21.43K","1.12%"
"11/26/2020","16,272.00","16,107.50","16,312.50","16,020.00","16.13K","1.33%"
"11/25/2020","16,058.00","16,262.50","16,297.50","15,940.00","19.96K","-1.13%"
"11/24/2020","16,242.00","16,042.50","16,260.00","16,000.00","25.72K","1.93%"
"11/23/2020","15,935.00","16,160.00","16,237.50","15,895.00","18.83K","-1.34%"
"11/20/2020","16,151.00","15,870.00","16,167.50","15,772.50","19.45K","2.00%"
"11/19/2020","15,834.00","15,720.00","15,927.50","15,620.00","11.31K","0.16%"
"11/18/2020","15,809.00","15,890.00","15,915.00","15,727.50","16.00K","-0.82%"
"11/17/2020","15,939.00","15,927.50","15,950.00","15,657.50","26.35K","0.28%"
"11/16/2020","15,894.00","15,952.50","16,150.00","15,815.00","17.60K","0.01%"
"11/13/2020","15,892.00","15,912.50","15,987.50","15,725.00","13.17K","-0.28%"
"11/12/2020","15,936.00","15,972.50","16,087.50","15,870.00","14.63K","-0.22%"
"11/11/2020","15,971.00","15,915.00","16,022.50","15,710.00","21.75K","0.43%"
"11/10/2020","15,903.00","15,752.50","15,942.50","15,635.00","14.39K","0.95%"
"11/09/2020","15,754.00","15,470.00","15,947.50","15,445.00","29.42K","2.55%"
"11/06/2020","15,362.00","15,545.00","15,652.50","15,267.50","17.02K","-1.28%"
"11/05/2020","15,561.00","15,382.50","15,587.50","15,247.50","12.36K","1.40%"
"11/04/2020","15,346.00","15,315.00","15,460.00","14,932.50","15.17K","-0.11%"
"11/03/2020","15,363.00","15,235.00","15,440.00","15,182.50","13.70K","1.34%"
"11/02/2020","15,160.00","15,145.00","15,285.00","15,045.00","11.97K","0.03%"
"10/30/2020","15,156.00","15,542.50","15,602.50","15,142.50","22.51K","-2.42%"
"10/29/2020","15,532.00","15,737.50","15,980.00","15,335.00","25.31K","-1.28%"
"10/28/2020","15,733.00","15,865.00","16,307.50","15,642.50","31.77K","-1.09%"
"10/27/2020","15,906.00","15,625.00","15,940.00","15,582.50","11.85K","1.59%"
"10/26/2020","15,657.00","15,592.50","15,672.50","15,362.50","13.51K","-0.35%"
"10/23/2020","15,712.00","15,787.50","15,895.00","15,557.50","16.65K","-0.66%"
"10/22/2020","15,817.00","15,880.00","15,880.00","15,707.50","14.23K","-0.43%"
"10/21/2020","15,886.00","16,022.50","16,130.00","15,785.00","19.03K","-0.86%"
"10/20/2020","16,023.00","15,647.50","16,062.50","15,620.00","19.17K","2.16%"
"10/19/2020","15,684.00","15,665.00","15,812.50","15,612.50","14.12K","0.20%"
"10/16/2020","15,652.00","15,425.00","15,732.50","15,382.50","14.00K","1.49%"
"10/15/2020","15,422.00","15,502.50","15,585.00","15,302.50","21.85K","0.53%"
"10/14/2020","15,341.00","15,042.50","15,605.00","14,990.00","14.66K","2.00%"
"10/13/2020","15,040.00","15,175.00","15,257.50","14,990.00","13.36K","-0.80%"
"10/12/2020","15,162.00","15,157.50","15,287.50","15,045.00","15.40K","-0.39%"
"10/09/2020","15,221.00","14,657.50","15,265.00","14,657.50","21.42K","3.81%"
"10/08/2020","14,662.00","14,575.00","14,827.50","14,527.50","11.69K","0.40%"
"10/07/2020","14,604.00","14,442.50","14,707.50","14,417.50","14.26K","0.58%"
"10/06/2020","14,520.00","14,595.00","14,742.50","14,482.50","9.62K","-0.85%"
"10/05/2020","14,644.00","14,355.00","14,655.00","14,245.00","11.19K","1.57%"
"10/02/2020","14,418.00","14,337.50","14,522.50","14,047.50","11.15K","0.52%"
"10/01/2020","14,343.00","14,495.00","14,642.50","14,207.50","13.65K","-1.20%"
"09/30/2020","14,517.00","14,437.50","14,595.00","14,275.00","11.85K","0.42%"
"09/29/2020","14,456.00","14,497.50","14,642.50","14,355.00","14.24K","-0.33%"
"09/28/2020","14,504.00","14,357.50","14,555.00","14,247.50","13.11K","1.68%"
"09/25/2020","14,264.00","14,337.50","14,477.50","14,240.00","14.07K","0.01%"
"09/24/2020","14,262.00","14,362.50","14,397.50","14,127.50","21.07K","-1.17%"
"09/23/2020","14,431.00","14,710.00","14,710.00","14,335.00","17.45K","-1.20%"
"09/22/2020","14,606.00","14,542.50","14,685.00","14,472.50","11.98K","0.45%"
"09/21/2020","14,541.00","14,907.50","15,005.00","14,305.00","21.64K","-2.44%"
"09/18/2020","14,904.00","15,115.00","15,200.00","14,810.00","15.46K","-1.19%"
"09/17/2020","15,084.00","15,205.00","15,205.00","14,855.00","17.87K","-0.93%"
"09/16/2020","15,226.00","15,245.00","15,305.00","15,077.50","20.41K","0.18%"
"09/15/2020","15,198.00","15,282.50","15,367.50","15,137.50","14.47K","-0.50%"
"09/14/2020","15,274.00","15,087.50","15,310.00","15,072.50","10.84K","1.19%"
"09/11/2020","15,094.00","14,770.00","15,142.50","14,642.50","15.28K","1.77%"
"09/10/2020","14,832.00","14,910.00","14,977.50","14,732.50","11.69K","-0.60%"
"09/09/2020","14,921.00","14,902.50","14,967.50","14,732.50","14.78K","0.22%"
"09/08/2020","14,888.00","15,195.00","15,310.00","14,682.50","25.01K","-1.96%"
"09/07/2020","15,186.00","15,280.00","15,410.00","15,162.50","9.26K","-0.70%"
"09/04/2020","15,293.00","15,065.00","15,327.50","14,987.50","17.28K","1.31%"
"09/03/2020","15,095.00","15,712.50","15,812.50","15,015.00","29.53K","-3.89%"
"09/02/2020","15,706.00","15,562.50","15,717.50","15,487.50","21.03K","1.11%"
"09/01/2020","15,534.00","15,445.00","15,742.50","15,420.00","23.04K","1.09%"
"08/28/2020","15,367.00","15,135.00","15,500.00","15,130.00","22.12K","1.16%"
"08/27/2020","15,191.00","15,182.50","15,257.50","15,060.00","15.60K","0.21%"
"08/26/2020","15,159.00","14,970.00","15,202.50","14,970.00","17.26K","1.22%"
"08/25/2020","14,976.00","14,885.00","15,007.50","14,805.00","13.85K","0.33%"
"08/24/2020","14,926.00","14,740.00","14,942.50","14,735.00","13.25K","1.60%"
"08/21/2020","14,691.00","14,637.50","14,767.50","14,560.00","14.00K","0.30%"
"08/20/2020","14,647.00","14,625.00","14,792.50","14,472.50","15.48K","-0.53%"
"08/19/2020","14,725.00","14,715.00","14,842.50","14,617.50","15.90K","0.34%"
"08/18/2020","14,675.00","14,617.50","14,792.50","14,550.00","18.93K","0.52%"
"08/17/2020","14,599.00","14,355.00","14,697.50","14,355.00","14.41K","1.62%"
"08/14/2020","14,366.00","14,072.50","14,427.50","14,045.00","20.23K","1.88%"
"08/13/2020","14,101.00","14,202.50","14,280.00","14,025.00","11.44K","-1.10%"
"08/12/2020","14,258.00","14,327.50","14,352.50","14,000.00","16.89K","-0.64%"
"08/11/2020","14,350.00","14,245.00","14,370.00","14,092.50","13.41K","0.45%"
"08/10/2020","14,286.00","14,355.00","14,390.00","14,082.50","16.97K","-0.65%"
"08/07/2020","14,380.00","14,445.00","14,535.00","14,255.00","15.88K","-0.68%"
"08/06/2020","14,478.00","14,310.00","14,647.50","14,275.00","18.17K","0.41%"
"08/05/2020","14,419.00","14,045.00","14,637.50","14,012.50","31.00K","2.17%"
"08/04/2020","14,113.00","13,945.00","14,132.50","13,867.50","16.65K","1.20%"
"08/03/2020","13,945.00","13,795.00","14,022.50","13,607.50","18.30K","1.15%"
"07/31/2020","13,786.00","13,792.50","13,905.00","13,680.00","12.64K","0.44%"
"07/30/2020","13,726.00","13,900.00","13,987.50","13,585.00","19.76K","-1.08%"
"07/29/2020","13,876.00","13,675.00","13,917.50","13,640.00","12.41K","1.58%"
"07/28/2020","13,660.00","13,782.50","13,992.50","13,512.50","19.26K","-0.43%"
"07/27/2020","13,719.00","13,655.00","13,862.50","13,637.50","13.27K","0.46%"
"07/24/2020","13,656.00","13,682.50","13,782.50","13,310.00","22.70K","-0.24%"
"07/23/2020","13,689.00","13,107.50","13,702.50","13,077.50","31.94K","4.21%"
"07/22/2020","13,136.00","13,430.00","13,597.50","13,072.50","19.54K","-2.45%"
"07/21/2020","13,466.00","13,225.00","13,502.50","13,177.50","17.38K","1.74%"
"07/20/2020","13,236.00","13,152.50","13,352.50","13,072.50","13.16K","0.12%"
"07/17/2020","13,220.00","13,425.00","13,447.50","13,090.00","10.05K","-1.78%"
"07/16/2020","13,459.00","13,522.50","13,532.50","13,210.00","12.67K","-0.51%"
"07/15/2020","13,528.00","13,622.50","13,642.50","13,342.50","16.27K","-0.42%"
"07/14/2020","13,585.00","13,627.50","13,670.00","13,387.50","14.97K","-0.92%"
"07/13/2020","13,711.00","13,540.00","13,722.50","13,482.50","20.48K","1.45%"
"07/10/2020","13,515.00","13,225.00","13,562.50","13,047.50","18.10K","2.01%"
"07/09/2020","13,249.00","13,452.50","13,545.00","13,157.50","19.99K","-1.81%"
"07/08/2020","13,493.00","13,382.50","13,497.50","13,347.50","12.45K","0.18%"
"07/07/2020","13,469.00","13,375.00","13,482.50","13,260.00","20.12K","1.00%"
"07/06/2020","13,336.00","12,955.00","13,397.50","12,955.00","23.06K","2.62%"
"07/03/2020","12,996.00","12,927.50","13,127.50","12,907.50","19.45K","0.38%"
"07/02/2020","12,947.00","12,860.00","12,965.00","12,782.50","40.26K","0.78%"
"07/01/2020","12,847.00","12,815.00","12,877.50","12,607.50","61.89K","0.33%"
"06/30/2020","12,805.00","12,812.50","12,880.00","12,732.50","48.41K","-0.01%"
"06/29/2020","12,806.00","12,695.00","12,830.00","12,565.00","51.57K","0.96%"
"06/26/2020","12,684.00","12,490.00","12,807.50","12,490.00","47.14K","1.96%"
"06/25/2020","12,440.00","12,520.00","12,557.50","12,427.50","48.62K","-0.85%"
"06/24/2020","12,547.00","12,685.00","12,750.00","12,507.50","48.40K","-1.37%"
"06/23/2020","12,721.00","12,645.00","12,742.50","12,527.50","54.36K","0.59%"
"06/22/2020","12,647.00","12,755.00","12,817.50","12,622.50","44.31K","-0.96%"
"06/19/2020","12,769.00","12,905.00","13,017.50","12,722.50","52.73K","-0.97%"
"06/18/2020","12,894.00","12,865.00","12,952.50","12,762.50","45.27K","0.18%"
"06/17/2020","12,871.00","13,010.00","13,037.50","12,812.50","65.42K","-1.17%"
"06/16/2020","13,024.00","12,887.50","13,032.50","12,840.00","81.07K","2.22%"
"06/15/2020","12,741.00","12,702.50","12,867.50","12,467.50","73.18K","0.60%"
"06/12/2020","12,665.00","12,660.00","12,827.50","12,535.00","69.07K","0.07%"
"06/11/2020","12,656.00","13,017.50","13,045.00","12,602.50","74.68K","-2.70%"
"06/10/2020","13,007.00","12,877.50","13,062.50","12,807.50","77.62K","0.73%"
"06/09/2020","12,913.00","13,040.00","13,095.00","12,725.00","87.00K","-1.16%"
"06/08/2020","13,064.00","12,942.50","13,117.50","12,867.50","86.10K","0.56%"
"06/05/2020","12,991.00","12,777.50","13,012.50","12,745.00","71.43K","1.71%"
"06/04/2020","12,773.00","12,805.00","12,842.50","12,537.50","68.74K","-0.73%"
"06/03/2020","12,867.00","12,867.50","12,922.50","12,670.00","61.97K","0.11%"
"06/02/2020","12,853.00","12,580.00","12,882.50","12,542.50","72.83K","1.80%"
"06/01/2020","12,626.00","12,410.00","12,677.50","12,402.50","67.00K","2.45%"
"05/29/2020","12,324.00","12,207.50","12,382.50","12,137.50","44.57K","0.64%"
"05/28/2020","12,246.00","12,170.00","12,307.50","12,130.00","41.19K","1.07%"
"05/27/2020","12,116.00","12,327.50","12,337.50","12,092.50","59.13K","-1.82%"
"05/26/2020","12,341.00","12,195.00","12,412.50","12,195.00","62.81K","0.74%"
"05/22/2020","12,250.00","12,430.00","12,652.50","12,107.50","65.62K","-4.13%"
"05/21/2020","12,778.00","12,657.50","12,907.50","12,407.50","53.30K","0.88%"
"05/20/2020","12,667.00","12,432.50","12,705.00","12,382.50","54.97K","1.72%"
"05/19/2020","12,453.00","12,295.00","12,477.50","12,230.00","62.22K","1.66%"
"05/18/2020","12,250.00","11,870.00","12,267.50","11,837.50","69.76K","3.33%"
"05/15/2020","11,855.00","12,110.00","12,110.00","11,822.50","70.76K","-1.80%"
"05/14/2020","12,072.00","12,242.50","12,315.00","11,962.50","56.11K","-1.49%"
"05/13/2020","12,254.00","12,265.00","12,357.50","12,135.00","64.04K","-0.57%"
"05/12/2020","12,324.00","12,377.50","12,475.00","12,235.00","63.43K","-0.24%"
"05/11/2020","12,354.00","12,377.50","12,497.50","12,222.50","77.31K","0.19%"
"05/07/2020","12,330.00","12,332.50","12,397.50","12,167.50","79.31K","0.22%"
"05/06/2020","12,303.00","12,050.00","12,332.50","11,875.00","64.17K","2.51%"
"05/05/2020","12,002.00","11,837.50","12,047.50","11,802.50","","1.61%"
"05/04/2020","11,812.00","11,885.00","11,957.50","11,802.50","49.62K","-1.20%"
"05/01/2020","11,955.00","12,110.00","12,195.00","11,832.50","45.60K","-1.94%"
"04/30/2020","12,192.00","12,330.00","12,355.00","12,132.50","46.90K","-1.00%"
"04/29/2020","12,315.00","12,330.00","12,375.00","12,185.00","41.31K","0.17%"
"04/28/2020","12,294.00","12,257.50","12,440.00","12,092.50","50.22K","0.41%"
"04/27/2020","12,244.00","12,257.50","12,592.50","12,157.50","44.47K","-0.02%"
"04/24/2020","12,246.00","12,170.00","12,312.50","12,047.50","56.35K","0.63%"
"04/23/2020","12,169.00","11,932.50","12,240.00","11,882.50","51.56K","1.28%"
"04/22/2020","12,015.00","12,190.00","12,222.50","11,777.50","60.40K","-1.49%"
"04/21/2020","12,197.00","12,465.00","12,495.00","12,135.00","71.14K","-2.53%"
"04/20/2020","12,514.00","12,042.50","12,535.00","11,920.00","58.50K","3.92%"
"04/17/2020","12,042.00","11,805.00","12,067.50","11,787.50","52.02K","2.36%"
"04/16/2020","11,764.00","11,780.00","11,797.50","11,622.50","46.21K","-0.08%"
"04/15/2020","11,773.00","11,857.50","11,997.50","11,747.50","63.36K","-0.98%"
"04/14/2020","11,889.00","11,717.50","11,907.50","11,715.00","119.16K","1.86%"
"04/09/2020","11,672.00","11,532.50","11,702.50","11,477.50","100.35K","1.43%"
"04/08/2020","11,507.00","11,407.50","11,582.50","11,335.00","109.01K","0.31%"
"04/07/2020","11,471.00","11,325.00","11,510.00","11,302.50","97.85K","1.61%"
"04/06/2020","11,289.00","11,235.00","11,312.50","11,207.50","56.30K","0.44%"
"04/03/2020","11,239.00","11,322.50","11,352.50","11,205.00","60.73K","-0.65%"
"04/02/2020","11,313.00","11,265.00","11,352.50","10,962.50","55.31K","0.46%"
"04/01/2020","11,261.00","11,440.00","11,440.00","11,235.00","54.71K","-1.94%"
"03/31/2020","11,484.00","11,340.00","11,495.00","11,232.50","59.82K","1.45%"
"03/30/2020","11,320.00","11,372.50","11,452.50","11,262.50","59.82K","-0.31%"
"03/27/2020","11,355.00","11,267.50","11,420.00","11,225.00","68.52K","1.28%"
"03/26/2020","11,211.00","11,302.50","11,322.50","11,112.50","78.66K","-0.69%"
"03/25/2020","11,289.00","11,385.00","11,385.00","11,102.50","64.32K","0.28%"
"03/24/2020","11,258.00","11,177.50","11,292.50","10,980.00","134.91K","3.47%"
"03/23/2020","10,880.00","11,125.00","11,280.00","10,867.50","57.98K","-3.07%"
"03/20/2020","11,225.00","11,500.00","11,499.00","11,230.00","91.10K","-0.22%"
"03/19/2020","11,250.00","11,400.00","11,335.00","11,255.00","135.84K","-1.27%"
"03/18/2020","11,395.00","11,550.00","11,520.00","11,330.00","142.85K","-3.27%"
"03/17/2020","11,780.00","11,940.00","12,120.00","11,780.00","99.48K","-1.30%"
"03/16/2020","11,935.00","11,850.00","12,000.00","11,810.00","136.65K","-3.13%"
"03/13/2020","12,320.00","12,625.00","12,610.00","12,150.00","130.30K","4.14%"
"03/12/2020","11,830.00","11,925.00","11,890.00","11,830.00","122.70K","-4.75%"
"03/11/2020","12,420.00","12,500.00","12,480.00","12,400.00","122.32K","-2.05%"
"03/10/2020","12,680.00","12,945.00","12,870.00","12,680.00","115.75K","0.24%"
"03/09/2020","12,650.00","12,500.00","12,645.00","12,465.00","111.19K","-1.48%"
"03/06/2020","12,840.00","12,810.00","12,840.00","12,725.00","104.37K","-0.39%"
"03/05/2020","12,890.00","12,850.00","12,890.00","12,815.00","118.85K","1.66%"
"03/04/2020","12,680.00","12,805.00","12,800.00","12,630.00","111.79K","0.96%"
"03/03/2020","12,560.00","12,675.00","12,750.00","12,565.00","89.95K","-1.10%"
"03/02/2020","12,700.00","12,530.00","12,700.00","12,505.00","97.79K","3.63%"
"02/28/2020","12,255.00","12,275.00","12,373.00","12,180.00","95.60K","-0.97%"
"02/27/2020","12,375.00","12,430.00","12,385.00","12,325.00","70.14K","-1.39%"
"02/26/2020","12,550.00","12,355.00","12,550.00","12,355.00","72.08K","0.80%"
"02/25/2020","12,450.00","12,625.00","12,600.00","12,450.00","61.19K","0.16%"
"02/24/2020","12,430.00","12,500.00","12,470.00","12,405.00","68.20K","-0.80%"
"02/21/2020","12,530.00","12,530.00","12,575.00","12,530.00","91.87K","-1.10%"
"02/20/2020","12,670.00","12,805.00","12,800.00","12,675.00","60.45K","-1.25%"
"02/19/2020","12,830.00","12,810.00","12,830.00","12,725.00","62.66K","0.08%"
"02/18/2020","12,820.00","13,000.00","12,970.00","12,820.00","78.83K","-2.21%"
"02/17/2020","13,110.00","13,130.00","13,125.00","13,080.00","73.17K","0.73%"
"02/14/2020","13,015.00","13,150.00","13,145.00","13,015.00","68.62K","-2.03%"
"02/13/2020","13,285.00","13,175.00","13,280.00","13,130.00","117.63K","1.41%"
"02/12/2020","13,100.00","13,160.00","13,130.00","13,100.00","114.20K","-0.08%"
"02/11/2020","13,110.00","13,150.00","13,175.00","13,110.00","136.74K","1.75%"
"02/10/2020","12,885.00","13,025.00","13,000.00","12,890.00","119.59K","0.90%"
"02/07/2020","12,770.00","12,855.00","12,850.00","12,772.00","120.86K","-2.22%"
"02/06/2020","13,060.00","13,150.00","13,075.00","13,065.00","69.95K","-0.76%"
"02/05/2020","13,160.00","13,125.00","13,180.00","13,075.00","100.88K","2.57%"
"02/04/2020","12,830.00","13,050.00","12,875.00","12,830.00","98.01K","0.83%"
"02/03/2020","12,725.00","12,875.00","12,835.00","12,725.00","66.81K","-0.97%"
"01/31/2020","12,850.00","12,804.00","12,850.00","12,650.00","70.47K","1.82%"
"01/30/2020","12,620.00","12,700.00","12,675.00","12,565.00","63.58K","0.56%"
"01/29/2020","12,550.00","12,750.00","12,710.00","12,550.00","63.76K","0.00%"
"01/28/2020","12,550.00","12,830.00","12,820.00","12,555.00","73.90K","-0.52%"
"01/27/2020","12,615.00","12,800.00","12,875.00","12,610.00","56.39K","-2.59%"
"01/24/2020","12,950.00","13,040.00","13,060.00","12,950.00","103.13K","-3.00%"
"01/23/2020","13,350.00","13,380.00","13,375.00","13,350.00","60.90K","-2.13%"
"01/22/2020","13,640.00","13,750.00","13,730.00","13,620.00","69.36K","-0.18%"
"01/21/2020","13,665.00","13,850.00","13,835.00","13,665.00","58.81K","-2.53%"
"01/20/2020","14,020.00","13,950.00","14,125.00","13,920.00","48.87K","0.79%"
"01/17/2020","13,910.00","13,950.00","13,910.00","13,910.00","49.00K","0.98%"
"01/16/2020","13,775.00","14,400.00","14,360.00","13,780.00","94.10K","-3.81%"
"01/15/2020","14,320.00","14,050.00","14,325.00","14,050.00","85.39K","3.24%"
"01/14/2020","13,870.00","13,825.00","13,860.00","13,770.00","103.57K","-1.60%"
"01/13/2020","14,095.00","14,300.00","14,275.00","14,100.00","133.36K","-0.67%"
"01/10/2020","14,190.00","14,180.00","14,225.00","14,130.00","77.97K","0.75%"
"01/09/2020","14,085.00","14,240.00","14,200.00","14,090.00","88.70K","0.25%"
"01/08/2020","14,050.00","13,950.00","14,075.00","13,900.00","107.55K","0.83%"
"01/07/2020","13,935.00","13,950.00","13,935.00","13,900.00","88.97K","0.83%"
"01/06/2020","13,820.00","13,900.00","13,820.00","13,775.00","83.01K","0.47%"
"01/03/2020","13,755.00","13,790.00","13,850.00","13,760.00","84.31K","-3.54%"
"01/02/2020","14,260.00","14,185.00","14,260.00","14,165.00","75.60K","1.68%"