Date,ship_count,popular_port,popular_port_count
2020-11-10,8,LTKLJ,18
2020-11-12,20,IDSKP,8
2020-11-29,9,CNSHA,2
2020-12-15,9,DEBRV,2
2020-12-17,14,CNNSA,16
2020-12-22,12,CNDYN,14
2020-12-25,8,AEAMF,2
2021-01-15,16,IDBOJ,4
2021-02-10,14,NOEGE,7
2021-02-13,16,CLPMC,4
2021-02-18,20,UAIZM,4
2021-03-07,16,NZAKL,2
2021-03-10,24,USMSY,10
2021-03-30,27,PAPCN,17
2021-04-06,18,CNNGB,5
2021-04-15,28,TWKHH,4
2021-05-20,28,FRDKK,8
2021-06-17,28,CNSHA,21
2021-07-01,35,UAYUZ,6
2021-07-18,50,TWKHH,13
2021-08-05,50,LBBEY,17
2021-08-06,39,ESRBI,16
2021-08-30,105,USMSY,13
2021-09-06,114,ESPMI,81
2021-09-23,104,HRSPU,17
2021-09-30,120,ITNAP,46
2021-10-09,202,GRNAF,23
2021-10-19,195,GRPIR,56
2021-10-23,223,GRPIR,91
2021-10-25,207,ESPMI,66
2021-10-27,208,GRPIR,145
2021-11-03,289,MTMLA,44
2021-11-15,225,ITNAP,31
2021-12-23,1732,CNZOS,269
2022-01-18,24126,USMSY,8589
2022-01-20,24534,SGSIN,8442
2022-02-19,21199,USMSY,7909
2022-03-02,27598,USMSY,8792
2022-03-04,26302,NLRTM,8545
2022-03-21,26172,NLRTM,8730
2022-03-30,28076,NLRTM,8853
2022-04-04,26270,USMSY,8639
2022-05-04,26116,NLRTM,8516
2022-05-17,28032,NLRTM,8885
2022-06-01,29598,NLRTM,9135
2022-06-07,28589,SGSIN,8681
2022-07-04,31174,NLRTM,8375
2022-07-08,30924,SGSIN,8638
2022-07-23,29146,SGSIN,8655
2022-07-30,28926,SGSIN,8230
2022-09-03,27334,SGSIN,7833
2022-09-07,33047,SGSIN,8518
2022-10-05,31322,NLRTM,8848
2022-10-07,29533,SGSIN,8255
2022-10-13,32677,NLRTM,8537
2022-10-24,32476,NLRTM,8237
2022-10-29,30365,SGSIN,9022
2022-11-04,31156,NLRTM,8430
2022-11-09,31939,SGSIN,8689
2022-11-23,31496,SGSIN,9066
2022-11-27,31731,SGSIN,8718
2022-12-14,31329,SGSIN,8898
2020-10-18,26,GBTRN,9
2020-10-20,19,GRPIR,8
2020-10-21,20,USHOU,32
2020-10-24,18,ITLIV,7
2020-10-29,28,CNSHD,5
2020-11-15,12,CNLKU,4
2020-11-19,16,NLRTM,4
2020-12-12,10,CNSHA,1
2020-12-16,17,CNTNG,8
2021-01-11,12,NLAMS,2
2021-01-12,12,PACTB,18
2021-03-04,20,NLAMS,8
2021-04-19,31,TWKHH,9
2021-04-21,24,PTAVE,6
2021-04-25,28,CNSHD,16
2021-06-03,28,NLSCI,8
2021-06-26,34,NLAMS,18
2021-07-07,31,NLRTM,8
2021-09-04,98,GRPIR,41
2021-09-10,90,GRPIR,14
2021-10-10,204,ESPMI,47
2021-10-24,257,GRPIR,59
2021-11-02,231,TRIST,40
2021-11-18,319,CNZOS,26
2021-11-19,278,CNSHA,25
2021-12-03,432,TRATV,85
2021-12-06,442,NOHSS,70
2021-12-08,518,CNZOS,80
2021-12-24,1013,CNCAN,119
2021-12-28,3323,BEANR,421
2022-01-02,21463,SGSIN,7201
2022-01-17,24844,NLRTM,8812
2022-03-10,27590,NLRTM,8964
2022-03-11,25744,NLRTM,8957
2022-03-16,26387,NLRTM,8845
2022-05-07,25039,SGSIN,7182
2022-05-16,28391,USMSY,8227
2022-05-19,29196,NLRTM,9313
2022-05-24,28470,NLRTM,9095
2022-06-03,28305,USMSY,8847
2022-06-04,25727,SGSIN,8409
2022-06-15,30073,NLRTM,9068
2022-07-06,31523,NLRTM,8773
2022-07-15,31353,NLRTM,8115
2022-07-17,29656,SGSIN,8053
2022-07-25,31993,SGSIN,8527
2022-08-17,32385,SGSIN,8531
2022-08-26,32485,NLRTM,8367
2022-10-09,27621,SGSIN,8374
2022-10-14,30823,NLRTM,10443
2022-10-19,30836,NLRTM,7496
2022-10-22,31707,SGSIN,7677
2022-11-10,33894,SGSIN,8683
2022-11-14,32534,SGSIN,9270
2022-11-30,30703,SGSIN,9204
2022-12-07,32364,SGSIN,9929
2022-12-20,31118,SGSIN,8980
2020-12-01,9,INVTZ,2
2021-01-20,18,IDSKP,4
2021-01-24,8,SGSIN,11
2021-03-02,22,CNJIJ,5
2021-03-13,19,CNXYG,5
2021-03-16,23,TWKHH,7
2021-03-22,24,IDSKP,5
2021-04-22,23,USORG,22
2021-05-08,51,HRRJK,66
2021-06-23,32,TWKHH,8
2021-06-27,40,TRIDM,13
2021-07-12,50,ITSPE,38
2021-09-01,98,CLPMC,18
2021-09-12,134,JPAIO,28
2021-09-18,128,ESPMI,22
2021-10-15,218,CNWEN,33
2021-10-16,164,NLAMS,15
2021-11-08,220,NLAMS,43
2021-11-24,343,CNJIJ,58
2021-11-28,348,ESSVQ,63
2021-12-13,680,ESLPS,81
2021-12-29,4959,NLRTM,689
2021-12-30,7915,NLRTM,1764
2022-01-14,24876,NLRTM,8596
2022-01-23,22591,CNZOS,7935
2022-02-13,22524,USMSY,8346
2022-02-27,23914,SGSIN,7659
2022-02-28,26333,NLRTM,9030
2022-03-12,24140,SGSIN,7428
2022-03-25,25381,NLRTM,8915
2022-04-02,24244,USMSY,9060
2022-04-12,26082,NLRTM,8407
2022-04-17,24101,SGSIN,7574
2022-04-19,28687,NLRTM,8438
2022-04-29,28333,USMSY,8750
2022-05-13,26886,NLRTM,8637
2022-05-27,28244,NLRTM,8345
2022-06-11,26394,SGSIN,8805
2022-07-09,27881,SGSIN,8202
2022-07-18,31621,NLRTM,8401
2022-07-21,32453,SGSIN,8297
2022-08-02,32344,SGSIN,8360
2022-08-25,33765,NLRTM,9083
2022-09-17,30345,SGSIN,8164
2022-10-08,29359,SGSIN,7436
2022-10-17,29828,SGSIN,8177
2022-10-28,32154,NLRTM,8920
2022-12-01,31889,SGSIN,9711
2022-12-11,28965,SGSIN,8454
2022-12-16,28202,SGSIN,9535
2020-11-02,8,ITSPE,4
2020-11-05,9,CNDLC,9
2020-11-08,11,ITSPE,3
2020-11-17,17,IDSKP,5
2020-11-23,10,JPSMZ,10
2020-11-24,13,AEAMF,3
2020-12-02,20,GBTIL,3
2020-12-08,7,CWWIL,3
2020-12-27,7,TRIST,4
2021-01-10,9,FRFOS,4
2021-01-13,16,GRPIR,4
2021-02-07,20,TWKHH,5
2021-03-01,10,ECGYE,2
2021-03-05,17,KRICN,4
2021-03-12,16,ITLIV,11
2021-03-29,27,CNZOS,4
2021-04-01,30,CNZOS,5
2021-04-04,26,CNZOS,3
2021-04-07,34,TWKHH,11
2021-04-26,33,CNZOS,6
2021-05-13,34,CNSHD,15
2021-05-15,11,INBOM,3
2021-06-11,37,MXTAM,13
2021-06-24,40,ITFOM,10
2021-07-03,40,ITLIV,10
2021-07-13,45,NLAMS,12
2021-07-16,46,NGPHC,7
2021-07-21,44,NGPHC,6
2021-07-28,42,NLRTM,6
2021-08-13,61,CNJIJ,4
2021-11-05,311,CNZOS,42
2021-12-25,860,CNJGJ,84
2022-01-03,23852,SGSIN,8773
2022-01-25,24829,NLRTM,8202
2022-02-18,23889,USMSY,8096
2022-03-01,26946,NLRTM,8372
2022-03-06,25159,USMSY,7418
2022-03-28,27037,NLRTM,8787
2022-05-21,25706,USMSY,7460
2022-06-17,29366,SGSIN,8737
2022-06-25,28485,SGSIN,7575
2022-07-05,31047,NLRTM,8732
2022-07-26,31670,SGSIN,7685
2022-08-07,29722,SGSIN,8239
2022-08-11,32023,SGSIN,8540
2022-09-06,32569,SGSIN,8238
2022-09-09,32217,SGSIN,9006
2022-09-19,29497,NLRTM,8492
2022-09-22,34640,NLRTM,9010
2022-09-24,29987,SGSIN,7858
2022-09-29,32956,NLRTM,8649
2022-10-02,29219,SGSIN,8058
2022-11-03,33205,SGSIN,8549
2022-11-08,32535,NLRTM,8681
2022-11-15,32671,SGSIN,9134
2022-11-26,29529,SGSIN,8166
2022-12-03,27473,SGSIN,8680
2022-12-05,31655,SGSIN,9086
2022-12-22,25530,SGSIN,9447
2020-11-03,7,ESPMI,11
2020-11-16,14,ITSPE,3
2020-11-27,10,RUPKC,16
2020-12-07,9,CNJGJ,2
2020-12-14,12,SADMM,5
2020-12-24,6,AEFJR,6
2021-01-26,25,AEDXB,38
2021-01-28,12,JPSMZ,3
2021-02-17,15,TWKHH,9
2021-02-22,26,CNSHA,4
2021-03-15,26,CNSHD,16
2021-03-19,18,KRPUS,7
2021-03-21,9,TWKHH,12
2021-04-13,34,TWKHH,15
2021-04-24,27,CNSHD,9
2021-05-30,20,AEAJM,12
2021-06-08,38,USMSY,7
2021-06-15,41,FRSET,21
2021-07-20,37,IDSKP,9
2021-08-26,84,NLAMS,22
2021-08-31,84,DEBRV,10
2021-09-15,124,GRPIR,43
2021-09-22,120,ROCND,24
2021-10-04,124,NOSPV,49
2021-12-01,353,NLAMS,53
2021-12-14,710,CNZOS,86
2022-01-09,24399,SGSIN,7335
2022-01-21,24243,NLRTM,8963
2022-02-23,26430,NLRTM,9547
2022-02-26,23526,USMSY,9984
2022-03-15,28020,NLRTM,9020
2022-03-22,26722,NLRTM,9046
2022-03-26,24637,USMSY,8012
2022-04-01,27056,USMSY,9634
2022-04-18,27277,CNTAO,9178
2022-05-23,28300,NLRTM,8672
2022-06-16,30148,NLRTM,9293
2022-06-19,27827,SGSIN,8035
2022-06-22,31965,NLRTM,8650
2022-06-24,30210,SGSIN,8396
2022-07-02,27693,SGSIN,7682
2022-08-12,30945,SGSIN,8606
2022-08-30,33081,CNZOS,8822
2022-09-20,32318,SGSIN,9084
2022-09-26,32008,NLRTM,8525
2022-09-27,32052,SGSIN,8324
2022-10-21,33296,SGSIN,8545
2022-11-11,32661,SGSIN,8984
2022-11-21,30911,SGSIN,8873
2022-11-25,31148,SGSIN,8895
2022-12-04,27580,SGSIN,8145
2022-12-21,29027,SGSIN,8854
2022-12-28,26021,SGSIN,9233
2020-10-26,15,TRAKC,5
2020-10-27,18,TRATV,4
2020-10-28,10,CNDLC,9
2020-11-11,16,CMDLA,2
2020-12-23,8,NAWVB,3
2021-01-21,13,VNDQT,2
2021-01-22,17,HRLSZ,25
2021-01-25,10,CNNTG,2
2021-01-27,31,CNSHA,9
2021-02-28,18,CNJMN,4
2021-03-11,23,AUMEL,4
2021-04-08,27,CNZOS,5
2021-04-12,26,TWKHH,5
2021-04-30,28,CNZOS,3
2021-05-05,22,KRPUS,4
2021-05-09,41,ESLPS,8
2021-05-11,32,TRATV,13
2021-05-23,22,ITLIV,10
2021-06-05,24,ITGOA,4
2021-06-16,34,SEVBY,4
2021-07-11,49,CNCAN,11
2021-07-26,34,ESBCN,6
2021-08-19,60,NLRTM,9
2021-09-11,95,GRPIR,20
2021-10-03,171,HRRJK,24
2021-10-06,127,LVLPX,38
2021-10-13,197,ESPMI,39
2021-12-10,579,CNLSN,65
2021-12-18,782,NLAMS,120
2022-01-13,25120,USMSY,8668
2022-01-22,22818,CNZOS,9202
2022-01-31,19723,USMSY,8835
2022-02-01,20457,NLRTM,9444
2022-03-05,24367,USMSY,7565
2022-03-24,27740,NLRTM,9130
2022-04-10,25402,USMSY,7412
2022-04-11,26939,NLRTM,8968
2022-04-13,26305,NLRTM,9129
2022-04-14,26935,USMSY,8888
2022-05-03,25992,NLRTM,7896
2022-06-05,26084,USMSY,8155
2022-06-06,27765,USMSY,8364
2022-06-08,29178,NLRTM,9092
2022-06-29,31946,SGSIN,8620
2022-07-01,29891,SGSIN,7704
2022-07-10,28899,SGSIN,7412
2022-07-19,32188,SGSIN,8534
2022-07-20,32152,SGSIN,8419
2022-07-24,30709,SGSIN,8518
2022-08-10,31636,SGSIN,8837
2022-08-16,31762,SGSIN,8023
2022-09-15,32209,SGSIN,8586
2022-09-28,32582,SGSIN,8639
2022-10-15,28542,CNZOS,8053
2022-11-18,31325,SGSIN,8615
2022-12-15,31386,SGSIN,9281
2020-10-17,25,AEAMF,7
2020-11-06,10,DEHAM,2
2020-11-20,16,CNLKU,5
2020-11-25,12,THBKK,8
2020-11-26,16,GBGSY,5
2020-11-28,4,INCOK,1
2020-11-30,18,AEAMF,5
2020-12-09,12,THLCB,6
2020-12-13,6,IRBUZ,7
2020-12-20,10,INIXZ,2
2021-02-05,13,GRPAO,3
2021-02-14,7,BDCGP,2
2021-02-16,19,BDCGP,10
2021-02-20,13,CYLCA,2
2021-02-21,17,CNXYG,5
2021-03-09,13,KRPUS,2
2021-04-05,23,TRATV,10
2021-04-09,25,CNZOS,3
2021-04-14,24,SGSIN,11
2021-04-16,18,TWKHH,2
2021-04-28,44,CNSHA,7
2021-05-19,17,TWKHH,4
2021-05-29,19,NLRTM,4
2021-06-06,27,KRKPO,14
2021-06-30,35,PACTB,18
2021-07-08,53,TWKHH,9
2021-07-24,31,GHTKD,7
2021-08-04,52,CAVAN,7
2021-08-07,56,ITOLB,7
2021-08-25,87,GRPIR,88
2021-08-28,74,CNNGB,11
2021-09-27,165,ITSPE,36
2021-09-29,133,ITSPE,38
2021-10-28,215,NLAMS,45
2021-11-01,249,MTMLA,21
2021-11-06,253,NLAMS,20
2021-11-21,309,NLAMS,33
2021-11-23,292,CNSHA,46
2021-11-26,340,NOBOO,55
2022-01-06,24999,NLRTM,8838
2022-02-10,24514,NLRTM,9462
2022-02-15,25098,NLRTM,9919
2022-02-21,23844,USMSY,8688
2022-03-31,23222,USMSY,9230
2022-04-15,25494,USMSY,8915
2022-04-16,24024,SGSIN,7825
2022-05-01,25377,CNTAO,8525
2022-05-12,27961,NLRTM,9136
2022-05-30,28633,NLRTM,8889
2022-06-09,29690,NLRTM,8753
2022-06-20,29295,NLRTM,8878
2022-06-28,30619,SGSIN,8250
2022-07-27,31701,NLRTM,8601
2022-08-14,29424,SGSIN,7472
2022-08-22,31521,SGSIN,9243
2022-08-24,31348,NLRTM,9262
2022-09-08,33439,SGSIN,9414
2022-09-11,32767,CNZOS,9564
2022-09-13,30761,NLRTM,8436
2022-09-16,33263,SGSIN,9110
2022-10-23,31174,SGSIN,8458
2022-11-01,31150,SGSIN,8613
2022-11-06,30016,SGSIN,7860
2022-11-16,32649,SGSIN,8958
2022-11-17,31988,SGSIN,9032
2022-11-19,28123,SGSIN,8818
2022-12-10,27277,SGSIN,7439
2022-12-30,19952,SGSIN,8118
2020-10-16,86,ESSCT,50
2020-12-04,11,BRRIO,12
2020-12-29,4,NLAMS,1
2021-01-03,12,CNWEN,5
2021-01-08,9,BEOST,2
2021-02-01,24,USLAX,3
2021-02-15,13,KRPUS,9
2021-02-23,23,TWKHH,11
2021-02-24,11,MXVER,6
2021-03-23,19,TWKHH,9
2021-03-26,24,NAWVB,6
2021-04-10,31,IRBUZ,6
2021-04-18,20,CNSHD,5
2021-04-20,26,KRUSN,9
2021-05-16,20,NLAMS,6
2021-05-21,19,ARMDQ,3
2021-05-31,27,ARBUE,8
2021-06-01,18,ROCND,6
2021-06-07,33,SDSSD,8
2021-06-12,29,CNSHA,8
2021-07-15,57,USMSY,9
2021-07-27,47,NOHRO,17
2021-09-02,99,NOSVG,34
2021-09-08,93,GRPIR,28
2021-09-13,123,ITGOA,23
2021-09-21,97,TRIST,12
2021-10-08,161,NLDHR,39
2021-10-17,227,HRSPU,35
2021-10-18,224,ITAOI,25
2021-10-20,211,CNWEN,34
2021-11-04,311,CNZOS,46
2021-11-09,215,NOAES,45
2021-11-27,334,NOSKN,53
2021-12-15,900,CNZOS,96
2021-12-19,838,CNSHA,75
2021-12-20,1099,CNZOS,129
2022-01-08,22967,USMSY,7849
2022-02-02,21507,NLRTM,8994
2022-02-03,22751,NLRTM,9697
2022-02-24,25835,NLRTM,9298
2022-04-05,26672,SGSIN,8399
2022-05-11,27947,USMSY,8993
2022-05-14,25469,USMSY,8327
2022-05-20,28379,SGSIN,8843
2022-06-27,29978,SGSIN,8573
2022-07-16,28863,SGSIN,8063
2022-08-15,31088,SGSIN,9199
2022-08-18,32334,NLRTM,8392
2022-08-20,28969,CNZOS,7551
2022-08-31,34828,CNZOS,10407
2022-09-05,28108,SGSIN,8365
2022-09-10,29596,CNZOS,7768
2022-09-21,30588,NLRTM,8395
2022-10-03,29965,SGSIN,8573
2022-10-11,31218,SGSIN,8445
2022-10-12,32856,NLRTM,9218
2022-10-31,31729,NLRTM,8497
2022-11-12,28639,SGSIN,8027
2022-11-29,27132,SGSIN,9387
2022-12-17,24029,SGSIN,8355
2022-12-26,26482,SGSIN,8222
2020-11-07,6,NLAMS,5
2020-11-13,13,ESPMI,5
2020-12-10,12,IDSKP,5
2020-12-21,12,PHCEB,7
2021-01-06,12,MTMLA,6
2021-01-14,21,JPWAM,8
2021-01-16,10,CNTZU,3
2021-01-19,13,CNQDG,28
2021-02-04,14,DKTHN,4
2021-02-19,11,TWKHH,4
2021-03-27,18,CNZOS,4
2021-05-22,23,RUAKS,5
2021-06-20,33,NLAMS,6
2021-06-25,19,CLTAL,14
2021-07-06,33,CNCAN,5
2021-07-10,28,CNXMN,5
2021-07-22,53,USPDX,8
2021-07-31,55,VNVUT,11
2021-08-01,35,FRSET,16
2021-08-08,55,ITMDC,20
2021-08-11,65,ESVGO,21
2021-08-15,68,CNYNT,19
2021-08-20,73,CNZOS,25
2021-08-23,75,MTMLA,7
2021-09-07,107,DEKEL,16
2021-09-19,167,MTMLA,24
2021-11-13,247,GRPIR,47
2021-11-22,245,GBGRK,52
2021-11-25,307,TRIST,42
2021-12-07,459,ESPMI,63
2021-12-09,503,CNZOS,50
2021-12-31,18031,SGSIN,4826
2022-01-10,25978,SGSIN,8382
2022-01-11,24710,USMSY,9050
2022-02-04,21214,NLRTM,8495
2022-02-08,23889,NLRTM,9395
2022-02-25,25628,NLRTM,10136
2022-03-09,28225,CNZOS,9282
2022-03-13,24919,USMSY,8028
2022-03-27,25331,USMSY,8741
2022-04-06,27844,NLRTM,8665
2022-04-07,27320,USMSY,8136
2022-04-08,27159,NLRTM,9389
2022-04-22,28063,USMSY,8971
2022-04-23,25556,USMSY,8393
2022-05-08,26140,SGSIN,7554
2022-05-28,26128,SGSIN,7899
2022-06-13,28142,SGSIN,8930
2022-06-26,28921,SGSIN,8583
2022-06-30,31952,NLRTM,8840
2022-07-14,32014,NLRTM,8744
2022-08-05,31396,SGSIN,8080
2022-08-13,28876,SGSIN,8115
2022-08-27,29773,SGSIN,7417
2022-09-14,28198,SGSIN,8130
2022-11-02,31553,SGSIN,9012
2022-11-13,30487,SGSIN,8375
2022-12-12,31103,SGSIN,8698
2022-12-25,23454,SGSIN,8385
2020-11-18,16,IDSKP,8
2020-11-22,13,IDSKP,9
2020-12-30,7,CNSHP,2
2020-12-31,9,IDSKP,8
2021-01-02,11,SGSIN,2
2021-01-17,13,CNWEN,3
2021-01-23,14,CNWEN,3
2021-01-29,9,KRICN,2
2021-01-30,24,CNSIQ,7
2021-02-06,14,USSAN,3
2021-02-12,17,SGSIN,25
2021-03-18,25,CNWEN,5
2021-04-02,35,ITGOA,10
2021-05-07,517,CNSHA,43
2021-05-10,21,CNXYG,5
2021-05-14,26,TRATV,5
2021-05-25,20,TRIST,11
2021-05-26,24,NLAMS,13
2021-05-27,20,FRDPE,2
2021-05-28,21,CNSHD,7
2021-06-29,27,MYGTI,9
2021-07-04,33,ITLIC,9
2021-07-29,95,TWKHH,48
2021-08-12,49,VNHPH,7
2021-08-22,93,ITCHI,20
2021-08-24,82,PTFNC,9
2021-09-09,114,ITGOA,20
2021-09-17,102,ITGOA,19
2021-09-25,164,ESPMI,35
2021-10-05,154,GRPIR,40
2021-10-29,240,ESPMI,31
2021-11-14,274,ESLPS,67
2021-11-30,337,SGSIN,76
2021-12-16,905,NOTOS,63
2022-01-15,23122,USMSY,7849
2022-01-19,26030,NLRTM,8832
2022-02-09,24488,NLRTM,9887
2022-02-11,24900,NLRTM,10062
2022-02-16,24883,NLRTM,9215
2022-03-03,27853,USMSY,9667
2022-05-25,28360,SGSIN,8397
2022-05-31,29403,USMSY,8715
2022-06-02,29510,NLRTM,8564
2022-06-21,29946,NLRTM,9155
2022-07-03,29888,SGSIN,7770
2022-07-12,31528,SGSIN,8900
2022-07-13,31794,NLRTM,8797
2022-07-28,32285,SGSIN,8185
2022-07-31,30425,SGSIN,7838
2022-08-04,33094,NLRTM,8508
2022-09-01,33456,SGSIN,8622
2022-09-04,26143,SGSIN,8195
2022-09-23,32503,NLRTM,8663
2022-10-04,30054,NLRTM,10493
2022-10-18,30220,NLRTM,7558
2022-10-25,33157,SGSIN,8666
2022-10-27,31813,NLRTM,8770
2022-11-07,32328,SGSIN,8499
2022-12-08,32157,SGSIN,8385
2022-12-13,30156,SGSIN,9062
2022-12-31,8925,USMSY,2673
2020-10-19,31,CNFOC,9
2020-10-30,7,USSAN,2
2020-10-31,4,SGSIN,6
2020-11-04,6,DKGRE,9
2020-12-06,14,CGPNR,19
2020-12-26,8,CNPLI,5
2021-01-04,10,AEAMF,3
2021-01-05,12,TWTXG,6
2021-01-09,5,KRPUS,2
2021-01-18,10,AEHAM,8
2021-01-31,16,IDSKP,7
2021-02-08,20,TWKHH,12
2021-02-25,22,CNZOS,4
2021-03-03,30,TWKHH,9
2021-03-20,22,NLAMS,3
2021-03-24,38,FRDKK,16
2021-03-28,36,KRPUS,11
2021-05-01,32,PTVIC,6
2021-05-02,48,TWKHH,24
2021-05-06,108,KRMOK,31
2021-05-12,27,CNZOS,8
2021-05-17,30,DECUX,4
2021-05-18,24,NLRTM,5
2021-06-10,39,KRKWA,8
2021-06-14,42,ARMDQ,8
2021-06-28,36,SEOCO,16
2021-07-05,41,BEZEE,22
2021-07-09,50,NLRTM,19
2021-07-19,51,TWKHH,10
2021-07-25,26,NLBEV,11
2021-07-30,56,UABAG,7
2021-08-16,73,NLAMS,9
2021-09-26,216,NOAES,44
2021-10-14,202,GRPIR,44
2021-10-21,176,TRIST,45
2021-10-26,236,GRPIR,64
2021-10-31,260,NLAMS,27
2021-11-10,216,NLAMS,37
2021-11-11,266,GRPIR,28
2021-11-17,257,ITTRS,50
2021-12-11,481,ROCND,57
2021-12-12,474,NOFNN,86
2021-12-27,2139,CNZOS,455
2022-02-05,19393,SGSIN,8032
2022-02-12,22341,USMSY,7799
2022-02-20,22141,USMSY,7637
2022-02-22,25422,NLRTM,9408
2022-03-14,27419,NLRTM,8499
2022-03-18,26100,NLRTM,8467
2022-03-29,27881,NLRTM,9300
2022-04-20,28820,SGSIN,9470
2022-04-21,28723,USMSY,8691
2022-04-24,25942,USMSY,7333
2022-05-05,27988,NLRTM,8275
2022-06-14,28951,SGSIN,8293
2022-06-18,26496,SGSIN,8025
2022-07-22,31644,SGSIN,7537
2022-08-03,32039,SGSIN,8795
2022-08-19,31590,NLRTM,7911
2022-08-23,31542,SGSIN,8692
2022-08-28,31058,SGSIN,7849
2022-09-12,35405,CNZOS,10101
2022-09-18,26976,SGSIN,7568
2022-09-25,31590,SGSIN,8084
2022-10-10,31370,SGSIN,8800
2022-10-20,31775,NLRTM,8294
2022-12-18,27508,SGSIN,8669
2022-12-27,27245,SGSIN,9195
2022-12-29,24039,SGSIN,8861
2020-10-22,18,NOSPV,8
2020-11-09,14,IDSKP,4
2020-11-21,5,IRBUZ,3
2020-12-11,9,USNNS,12
2021-01-01,5,NLRTM,1
2021-02-27,20,CNZOS,6
2021-03-25,32,CNNGB,6
2021-04-23,20,BEGNE,8
2021-04-29,50,UAKEH,20
2021-05-04,11,TWKHH,2
2021-05-24,27,TWKHH,6
2021-06-02,24,CNNGB,4
2021-06-04,47,CNNSA,11
2021-06-09,20,NLRTM,4
2021-06-18,30,MXCZM,4
2021-06-21,35,TWKHH,9
2021-07-23,36,TRATV,10
2021-08-03,59,NLAMS,7
2021-08-09,46,TWKHH,5
2021-08-14,49,UABAG,8
2021-08-17,54,ESPMI,6
2021-08-29,79,ITGOA,11
2021-09-03,75,ITAOI,9
2021-09-05,137,IDSKP,11
2021-09-16,101,GBGSY,16
2021-09-20,133,NOOSL,12
2021-09-24,104,GRPIR,44
2021-09-28,154,ITGOA,25
2021-10-02,186,MCMON,62
2021-10-07,170,GRPIR,36
2021-10-11,172,ESPMI,31
2021-10-22,190,ITGOA,25
2021-11-07,197,NLAMS,33
2021-11-16,285,NLRTM,46
2021-12-17,865,CNZOS,89
2021-12-21,1330,NOOTA,113
2022-01-04,24842,NLRTM,8422
2022-01-28,22719,USMSY,9097
2022-02-06,20108,USMSY,8998
2022-02-07,22754,NLRTM,9011
2022-02-17,24940,NLRTM,9427
2022-03-17,24204,NLRTM,9258
2022-03-19,23581,CNZOS,8934
2022-03-20,24101,SGSIN,7220
2022-03-23,27593,NLRTM,9311
2022-04-09,24437,SGSIN,7719
2022-04-25,27551,NLRTM,8589
2022-04-26,28776,USMSY,8108
2022-04-30,26099,SGSIN,8019
2022-05-02,25910,NLRTM,7956
2022-05-15,26717,USMSY,6897
2022-05-26,28548,SGSIN,8938
2022-06-10,28876,SGSIN,8542
2022-06-12,27370,SGSIN,8047
2022-06-23,30609,NLRTM,8846
2022-08-01,31329,SGSIN,8369
2022-08-06,28916,SGSIN,7898
2022-08-29,32117,NLRTM,7969
2022-09-02,31320,NLRTM,8603
2022-11-24,31828,SGSIN,9430
2022-12-06,32201,SGSIN,8921
2022-12-09,31910,SGSIN,9065
2022-12-19,29747,SGSIN,8712
2022-12-24,22738,SGSIN,7729
2020-10-23,12,IDSKP,9
2020-10-25,9,ITLIV,2
2020-11-01,12,DKTHN,13
2020-11-14,14,GLJNS,3
2020-12-03,13,GBLOW,3
2020-12-05,6,NLAMS,2
2020-12-18,4,USCHS,3
2020-12-19,3,TRIST,2
2020-12-28,13,CNSHD,2
2021-01-07,10,NLRTM,3
2021-02-02,18,ESVGO,3
2021-02-03,18,CNXMN,3
2021-02-09,15,PLGDN,7
2021-02-11,9,GBMON,8
2021-02-26,14,RUPKC,2
2021-03-06,17,CNZOS,5
2021-03-08,17,CNSHA,7
2021-03-14,17,NLAMS,3
2021-03-17,32,CNNGB,4
2021-03-31,21,NOBJF,6
2021-04-03,24,CNZOS,6
2021-04-11,26,CLPUQ,9
2021-04-17,17,CNJIJ,3
2021-04-27,28,TWKHH,8
2021-05-03,19,ARPRS,4
2021-06-13,31,CWWIL,6
2021-06-19,32,CNSHD,7
2021-06-22,30,NLAMS,5
2021-07-02,39,TWKHH,9
2021-07-14,32,KRICN,3
2021-07-17,34,CNNSA,8
2021-08-02,109,TWKHH,56
2021-08-10,55,LBBEY,17
2021-08-18,74,GRPIR,12
2021-08-21,69,ESPMI,6
2021-08-27,83,GRLAV,25
2021-09-14,109,HRTRO,20
2021-10-01,172,ESPMI,95
2021-10-12,177,ITGOA,25
2021-10-30,224,PACSO,28
2021-11-12,262,NOAES,84
2021-11-20,326,CNSHA,48
2021-11-29,343,NLAMS,28
2021-12-02,407,ITGOA,92
2021-12-04,444,CNSHA,111
2021-12-05,453,CNSHA,89
2021-12-22,1574,CNZOS,240
2021-12-26,1464,CNZOS,192
2022-01-01,19721,SGSIN,6799
2022-01-05,24740,NLRTM,7896
2022-01-07,24620,NLRTM,8223
2022-01-12,24912,USMSY,8540
2022-01-16,23319,SGSIN,8036
2022-01-24,24720,NLRTM,9066
2022-01-26,24335,NLRTM,8659
2022-01-27,23698,NLRTM,9726
2022-01-29,19245,USMSY,9017
2022-01-30,19574,SGSIN,8090
2022-02-14,24396,NLRTM,9060
2022-03-07,27127,NLRTM,8918
2022-03-08,28074,NLRTM,8476
2022-04-03,25147,USMSY,8429
2022-04-27,29438,USMSY,8119
2022-04-28,28765,NLRTM,8760
2022-05-06,26553,NLRTM,8519
2022-05-09,27547,NLRTM,8580
2022-05-10,28073,NLRTM,9349
2022-05-18,29058,USMSY,8713
2022-05-22,27039,SGSIN,8335
2022-05-29,26932,USMSY,7798
2022-07-07,31705,NLRTM,8744
2022-07-11,31499,NLRTM,8503
2022-07-29,31983,SGSIN,8459
2022-08-08,31019,SGSIN,7859
2022-08-09,30794,SGSIN,8808
2022-08-21,30002,SGSIN,8219
2022-09-30,32467,SGSIN,8393
2022-10-01,29627,SGSIN,8453
2022-10-06,30650,SGSIN,8774
2022-10-16,27735,SGSIN,7677
2022-10-26,34188,SGSIN,9173
2022-10-30,31507,SGSIN,8296
2022-11-05,29140,SGSIN,8104
2022-11-20,29122,SGSIN,8280
2022-11-22,30945,SGSIN,9580
2022-11-28,29638,SGSIN,9708
2022-12-02,31696,SGSIN,9424
2022-12-23,25085,SGSIN,8842
