,Date,Price,Open,High,Low,Vol.,Change %
0,"Dec 29, 2023",15.8,15.8,15.9,15.7,,0.00%
1,"Dec 28, 2023",15.8,15.8,15.9,15.7,,0.00%
2,"Dec 27, 2023",15.8,15.8,15.9,15.7,,0.00%
3,"Dec 26, 2023",15.8,15.8,15.9,15.7,,0.00%
4,"Dec 25, 2023",15.8,15.8,15.9,15.7,,0.00%
5,"Dec 22, 2023",15.8,15.8,15.9,15.7,,0.00%
6,"Dec 21, 2023",15.8,15.8,15.9,15.7,,0.00%
7,"Dec 20, 2023",15.8,15.8,15.9,15.7,,-1.86%
8,"Dec 19, 2023",16.1,16.1,16.2,16.0,,0.00%
9,"Dec 18, 2023",16.1,16.1,16.2,16.0,,0.00%
10,"Dec 15, 2023",16.1,16.1,16.2,16.0,,-2.42%
11,"Dec 14, 2023",16.5,16.5,16.6,16.4,,0.00%
12,"Dec 13, 2023",16.5,16.5,16.6,16.4,,-1.20%
13,"Dec 12, 2023",16.7,16.7,16.8,16.6,,0.00%
14,"Dec 11, 2023",16.7,16.7,16.8,16.6,,0.00%
15,"Dec 08, 2023",16.7,16.7,16.8,16.6,,-0.60%
16,"Dec 07, 2023",16.8,16.8,16.9,16.7,,0.00%
17,"Dec 06, 2023",16.8,16.8,16.9,16.7,,0.00%
18,"Dec 05, 2023",16.8,16.8,16.9,16.7,,-0.59%
19,"Dec 04, 2023",16.9,16.9,17.0,16.8,,0.00%
20,"Dec 01, 2023",16.9,16.9,17.0,16.8,,-2.31%
21,"Nov 30, 2023",17.3,17.3,17.4,17.2,,0.00%
22,"Nov 29, 2023",17.3,17.3,17.4,17.2,,0.00%
23,"Nov 28, 2023",17.3,17.3,17.4,17.2,,0.00%
24,"Nov 27, 2023",17.3,17.3,17.4,17.2,,0.00%
25,"Nov 24, 2023",17.3,17.3,17.4,17.2,,-0.57%
26,"Nov 23, 2023",17.4,17.4,17.5,17.3,,-1.69%
27,"Nov 22, 2023",17.7,17.7,17.8,17.6,,0.00%
28,"Nov 21, 2023",17.7,17.7,17.8,17.6,,0.00%
29,"Nov 20, 2023",17.7,17.7,17.8,17.6,,0.00%
30,"Nov 17, 2023",17.7,17.7,17.8,17.6,,-2.21%
31,"Nov 16, 2023",18.1,18.1,18.2,18.0,,0.00%
32,"Nov 15, 2023",18.1,18.1,18.2,18.0,,0.00%
33,"Nov 14, 2023",18.1,18.1,18.2,18.0,,0.00%
34,"Nov 13, 2023",18.1,18.1,18.2,18.0,,0.00%
35,"Nov 10, 2023",18.1,18.1,18.2,18.0,,-0.55%
36,"Nov 09, 2023",18.2,18.2,18.3,18.1,,0.00%
37,"Nov 08, 2023",18.2,18.2,18.3,18.1,,0.00%
38,"Nov 07, 2023",18.2,18.2,18.3,18.1,,0.00%
39,"Nov 06, 2023",18.2,18.2,18.3,18.1,,0.00%
40,"Nov 03, 2023",18.2,18.2,18.3,18.1,,0.00%
41,"Nov 02, 2023",18.2,18.2,18.3,18.1,,0.00%
42,"Nov 01, 2023",18.2,18.2,18.3,18.1,,0.00%
43,"Oct 31, 2023",18.2,18.2,18.3,18.1,,0.00%
44,"Oct 30, 2023",18.2,18.2,18.3,18.1,,0.00%
45,"Oct 27, 2023",18.2,18.2,18.3,18.1,,2.82%
46,"Oct 26, 2023",17.7,17.7,17.8,17.6,,0.00%
47,"Oct 25, 2023",17.7,17.7,17.8,17.6,,0.00%
48,"Oct 24, 2023",17.7,17.7,17.8,17.6,,0.00%
49,"Oct 23, 2023",17.7,17.7,17.8,17.6,,0.00%
50,"Oct 20, 2023",17.7,17.7,17.8,17.6,,2.31%
51,"Oct 19, 2023",17.3,17.3,17.4,17.2,,0.00%
52,"Oct 18, 2023",17.3,17.3,17.4,17.2,,0.00%
53,"Oct 17, 2023",17.3,17.3,17.4,17.2,,0.00%
54,"Oct 16, 2023",17.3,17.3,17.4,17.2,,0.00%
55,"Oct 13, 2023",17.3,17.3,17.4,17.2,,0.00%
56,"Oct 12, 2023",17.3,17.3,17.4,17.2,,0.00%
57,"Oct 11, 2023",17.3,17.3,17.4,17.2,,0.58%
58,"Oct 10, 2023",17.2,17.2,17.3,17.1,,1.18%
59,"Oct 09, 2023",17.0,17.0,17.1,16.9,,0.00%
60,"Sep 27, 2023",17.0,17.0,17.1,16.9,,0.00%
61,"Sep 26, 2023",17.0,17.0,17.1,16.9,,0.00%
62,"Sep 25, 2023",17.0,17.0,17.1,16.9,,0.00%
63,"Sep 22, 2023",17.0,17.0,17.1,16.9,,0.00%
64,"Sep 21, 2023",17.0,17.0,17.1,16.9,,0.00%
65,"Sep 20, 2023",17.0,17.0,17.1,16.9,,0.00%
66,"Sep 19, 2023",17.0,17.0,17.1,16.9,,0.00%
67,"Sep 18, 2023",17.0,17.0,17.1,16.9,,1.19%
68,"Sep 14, 2023",16.8,16.8,16.9,16.7,,0.00%
69,"Sep 13, 2023",16.8,16.8,16.9,16.7,,-0.59%
70,"Sep 12, 2023",16.9,16.9,17.0,16.8,,-0.59%
71,"Sep 11, 2023",17.0,17.0,17.1,16.9,,0.00%
72,"Sep 08, 2023",17.0,17.0,17.1,16.9,,-0.58%
73,"Sep 07, 2023",17.1,17.1,17.2,17.0,,0.00%
74,"Sep 06, 2023",17.1,17.1,17.2,17.0,,0.00%
75,"Sep 05, 2023",17.1,17.1,17.2,17.0,,0.59%
76,"Sep 04, 2023",17.0,17.0,17.1,16.9,,-2.30%
77,"Sep 01, 2023",17.4,17.4,17.5,17.3,,-2.25%
78,"Aug 31, 2023",17.8,17.8,17.9,17.7,,-0.56%
79,"Aug 30, 2023",17.9,17.9,18.0,17.8,,-0.56%
80,"Aug 29, 2023",18.0,18.0,18.1,17.9,,-1.64%
81,"Aug 28, 2023",18.3,18.3,18.4,18.2,,-1.61%
82,"Aug 25, 2023",18.6,18.6,18.7,18.5,,-1.59%
83,"Aug 24, 2023",18.9,18.9,19.0,18.8,,0.00%
84,"Aug 23, 2023",18.9,18.9,19.0,18.8,,0.00%
85,"Aug 22, 2023",18.9,18.9,19.0,18.8,,0.00%
86,"Aug 21, 2023",18.9,18.9,19.0,18.8,,0.00%
87,"Aug 18, 2023",18.9,18.9,19.0,18.8,,-1.56%
88,"Aug 17, 2023",19.2,19.2,19.3,19.1,,0.00%
89,"Aug 16, 2023",19.2,19.2,19.3,19.1,,-0.52%
90,"Aug 15, 2023",19.3,19.3,19.4,19.2,,0.00%
91,"Aug 14, 2023",19.3,19.3,19.4,19.2,,0.00%
92,"Aug 11, 2023",19.3,19.3,19.4,19.2,,0.00%
93,"Aug 10, 2023",19.3,19.3,19.4,19.2,,0.00%
94,"Aug 09, 2023",19.3,19.3,19.4,19.2,,0.00%
95,"Aug 08, 2023",19.3,19.3,19.4,19.2,,0.00%
96,"Aug 07, 2023",19.3,19.3,19.4,19.2,,0.00%
97,"Aug 04, 2023",19.3,19.3,19.4,19.2,,0.00%
98,"Aug 03, 2023",19.3,19.3,19.4,19.2,,0.00%
99,"Aug 02, 2023",19.3,19.3,19.4,19.2,,0.00%
100,"Aug 01, 2023",19.3,19.3,19.4,19.2,,0.00%
101,"Jul 31, 2023",19.3,19.3,19.4,19.2,,0.00%
102,"Jul 28, 2023",19.3,19.3,19.4,19.2,,0.00%
103,"Jul 27, 2023",19.3,19.3,19.4,19.2,,0.00%
104,"Jul 26, 2023",19.3,19.3,19.4,19.2,,0.00%
105,"Jul 25, 2023",19.3,19.3,19.4,19.2,,0.00%
106,"Jul 24, 2023",19.3,19.3,19.4,19.2,,0.00%
107,"Jul 21, 2023",19.3,19.3,19.4,19.2,,2.66%
108,"Jul 20, 2023",18.8,18.8,18.9,18.7,,0.00%
109,"Jul 19, 2023",18.8,18.8,18.9,18.7,,0.00%
110,"Jul 18, 2023",18.8,18.8,18.9,18.7,,2.73%
111,"Jul 17, 2023",18.3,18.3,18.4,18.2,,0.00%
112,"Jul 14, 2023",18.3,18.3,18.4,18.2,,2.81%
113,"Jul 13, 2023",17.8,17.8,17.9,17.7,,2.89%
114,"Jul 12, 2023",17.3,17.3,17.4,17.2,,2.98%
115,"Jul 11, 2023",16.8,16.8,16.9,16.7,,2.44%
116,"Jul 10, 2023",16.4,16.4,16.5,16.3,,2.50%
117,"Jul 07, 2023",16.0,16.0,16.1,15.9,,2.56%
118,"Jul 06, 2023",15.6,15.6,15.7,15.5,,0.00%
119,"Jul 05, 2023",15.6,15.6,15.7,15.5,,0.00%
120,"Jul 04, 2023",15.6,15.6,15.7,15.5,,0.00%
121,"Jul 03, 2023",15.6,15.6,15.7,15.5,,0.00%
122,"Jun 30, 2023",15.6,15.6,15.7,15.5,,2.63%
123,"Jun 29, 2023",15.2,15.2,15.3,15.1,,0.00%
124,"Jun 28, 2023",15.2,15.2,15.3,15.1,,0.00%
125,"Jun 27, 2023",15.2,15.2,15.3,15.1,,0.00%
126,"Jun 26, 2023",15.2,15.2,15.3,15.1,,0.00%
127,"Jun 21, 2023",15.2,15.2,15.3,15.1,,2.01%
128,"Jun 20, 2023",14.9,14.9,15.0,14.8,,0.00%
129,"Jun 19, 2023",14.9,14.9,15.0,14.8,,0.00%
130,"Jun 16, 2023",14.9,14.9,15.0,14.8,,0.00%
131,"Jun 15, 2023",14.9,14.9,15.0,14.8,,0.00%
132,"Jun 14, 2023",14.9,14.9,15.0,14.8,,0.00%
133,"Jun 13, 2023",14.9,14.9,15.0,14.8,,0.00%
134,"Jun 12, 2023",14.9,14.9,15.0,14.8,,0.00%
135,"Jun 09, 2023",14.9,14.9,15.0,14.8,,0.00%
136,"Jun 08, 2023",14.9,14.9,15.0,14.8,,0.00%
137,"Jun 07, 2023",14.9,14.9,15.0,14.8,,0.00%
138,"Jun 06, 2023",14.9,14.9,15.0,14.8,,0.00%
139,"Jun 05, 2023",14.9,14.9,15.0,14.8,,1.36%
140,"Jun 02, 2023",14.7,14.7,14.8,14.6,,0.00%
141,"Jun 01, 2023",14.7,14.7,14.8,14.6,,-1.34%
142,"May 31, 2023",14.9,14.9,15.0,14.8,,0.00%
143,"May 30, 2023",14.9,14.9,15.0,14.8,,0.00%
144,"May 29, 2023",14.9,14.9,15.0,14.8,,0.00%
145,"May 26, 2023",14.9,14.9,15.0,14.8,,-1.32%
146,"May 25, 2023",15.1,15.1,15.2,15.0,,-1.95%
147,"May 24, 2023",15.4,15.4,15.5,15.3,,0.00%
148,"May 23, 2023",15.4,15.4,15.5,15.3,,-1.91%
149,"May 22, 2023",15.7,15.7,15.8,15.6,,0.00%
150,"May 19, 2023",15.7,15.7,15.8,15.6,,-2.48%
151,"May 18, 2023",16.1,16.1,16.2,16.0,,0.00%
152,"May 17, 2023",16.1,16.1,16.2,16.0,,0.00%
153,"May 16, 2023",16.1,16.1,16.2,16.0,,0.00%
154,"May 15, 2023",16.1,16.1,16.2,16.0,,0.00%
155,"May 12, 2023",16.1,16.1,16.2,16.0,,0.00%
156,"May 11, 2023",16.1,16.1,16.2,16.0,,0.00%
157,"May 10, 2023",16.1,16.1,16.2,16.0,,0.00%
158,"May 09, 2023",16.1,16.1,16.2,16.0,,0.00%
159,"May 08, 2023",16.1,16.1,16.2,16.0,,-2.42%
160,"May 05, 2023",16.5,16.5,16.6,16.4,,-2.94%
161,"May 04, 2023",17.0,17.0,17.1,16.9,,0.00%
162,"Apr 28, 2023",17.0,17.0,17.1,16.9,,-1.73%
163,"Apr 27, 2023",17.3,17.3,17.4,17.2,,0.00%
164,"Apr 26, 2023",17.3,17.3,17.4,17.2,,0.00%
165,"Apr 25, 2023",17.3,17.3,17.4,17.2,,0.00%
166,"Apr 24, 2023",17.3,17.3,17.4,17.2,,0.00%
167,"Apr 21, 2023",17.3,17.3,17.4,17.2,,-0.57%
168,"Apr 20, 2023",17.4,17.4,17.5,17.3,,0.00%
169,"Apr 19, 2023",17.4,17.4,17.5,17.3,,0.00%
170,"Apr 18, 2023",17.4,17.4,17.5,17.3,,-0.57%
171,"Apr 17, 2023",17.5,17.5,17.6,17.4,,0.00%
172,"Apr 14, 2023",17.5,17.5,17.6,17.4,,0.00%
173,"Apr 13, 2023",17.5,17.5,17.6,17.4,,0.00%
174,"Apr 12, 2023",17.5,17.5,17.6,17.4,,0.00%
175,"Apr 11, 2023",17.5,17.5,17.6,17.4,,-0.57%
176,"Apr 10, 2023",17.6,17.6,17.7,17.5,,0.00%
177,"Apr 07, 2023",17.6,17.6,17.7,17.5,,0.00%
178,"Apr 06, 2023",17.6,17.6,17.7,17.5,,0.00%
179,"Apr 04, 2023",17.6,17.6,17.7,17.5,,0.00%
180,"Apr 03, 2023",17.6,17.6,17.7,17.5,,0.00%
181,"Mar 31, 2023",17.6,17.6,17.7,17.5,,0.00%
182,"Mar 30, 2023",17.6,17.6,17.7,17.5,,0.00%
183,"Mar 29, 2023",17.6,17.6,17.7,17.5,,0.00%
184,"Mar 28, 2023",17.6,17.6,17.7,17.5,,0.00%
185,"Mar 27, 2023",17.6,17.6,17.7,17.5,,0.00%
186,"Mar 24, 2023",17.6,17.6,17.7,17.5,,0.00%
187,"Mar 23, 2023",17.6,17.6,17.7,17.5,,0.00%
188,"Mar 22, 2023",17.6,17.6,17.7,17.5,,0.00%
189,"Mar 21, 2023",17.6,17.6,17.7,17.5,,0.00%
190,"Mar 20, 2023",17.6,17.6,17.7,17.5,,1.15%
191,"Mar 17, 2023",17.4,17.4,17.5,17.3,,1.75%
192,"Mar 16, 2023",17.1,17.1,17.2,17.0,,0.00%
193,"Mar 15, 2023",17.1,17.1,17.2,17.0,,0.00%
194,"Mar 14, 2023",17.1,17.1,17.2,17.0,,0.00%
195,"Mar 13, 2023",17.1,17.1,17.2,17.0,,0.00%
196,"Mar 10, 2023",17.1,17.1,17.2,17.0,,0.00%
197,"Mar 09, 2023",17.1,17.1,17.2,17.0,,0.00%
198,"Mar 08, 2023",17.1,17.1,17.2,17.0,,0.00%
199,"Mar 07, 2023",17.1,17.1,17.2,17.0,,0.00%
200,"Mar 06, 2023",17.1,17.1,17.2,17.0,,0.00%
201,"Mar 03, 2023",17.1,17.1,17.2,17.0,,0.00%
202,"Mar 02, 2023",17.1,17.1,17.2,17.0,,0.00%
203,"Mar 01, 2023",17.1,17.1,17.2,17.0,,0.00%
204,"Feb 28, 2023",17.1,17.1,17.2,17.0,,0.00%
205,"Feb 27, 2023",17.1,17.1,17.2,17.0,,0.00%
206,"Feb 24, 2023",17.1,17.1,17.2,17.0,,0.00%
207,"Feb 23, 2023",17.1,17.1,17.2,17.0,,0.00%
208,"Feb 22, 2023",17.1,17.1,17.2,17.0,,0.00%
209,"Feb 21, 2023",17.1,17.1,17.2,17.0,,-1.16%
210,"Feb 20, 2023",17.3,17.3,17.4,17.2,,0.00%
211,"Feb 17, 2023",17.3,17.3,17.4,17.2,,0.00%
212,"Feb 16, 2023",17.3,17.3,17.4,17.2,,-1.14%
213,"Feb 14, 2023",17.5,17.5,17.6,17.4,,0.00%
214,"Feb 13, 2023",17.5,17.5,17.6,17.4,,0.00%
215,"Feb 10, 2023",17.5,17.5,17.6,17.4,,-1.69%
216,"Feb 09, 2023",17.8,17.8,17.9,17.7,,0.00%
217,"Feb 08, 2023",17.8,17.8,17.9,17.7,,-1.66%
218,"Feb 07, 2023",18.1,18.1,18.2,18.0,,-2.69%
219,"Feb 06, 2023",18.6,18.6,18.7,18.5,,-2.62%
220,"Feb 03, 2023",19.1,19.1,19.2,19.0,,-2.55%
221,"Feb 02, 2023",19.6,19.6,19.7,19.5,,-1.01%
222,"Feb 01, 2023",19.8,19.8,19.9,19.7,,-1.49%
223,"Jan 31, 2023",20.1,20.1,20.2,20.0,,0.00%
224,"Jan 30, 2023",20.1,20.1,20.2,20.0,,0.00%
225,"Jan 18, 2023",20.1,20.1,20.2,20.0,,0.00%
226,"Jan 17, 2023",20.1,20.1,20.2,20.0,,0.00%
227,"Jan 16, 2023",20.1,20.1,20.2,20.0,,0.00%
228,"Jan 13, 2023",20.1,20.1,20.2,20.0,,-0.50%
229,"Jan 12, 2023",20.2,20.2,20.3,20.1,,0.00%
230,"Jan 11, 2023",20.2,20.2,20.3,20.1,,-0.49%
231,"Jan 10, 2023",20.3,20.3,20.4,20.2,,-2.40%
232,"Jan 09, 2023",20.8,20.8,20.9,20.7,,0.00%
233,"Jan 06, 2023",20.8,20.8,20.9,20.7,,0.00%
234,"Jan 05, 2023",20.8,20.8,20.9,20.7,,0.00%
235,"Jan 04, 2023",20.8,20.8,20.9,20.7,,0.00%
236,"Jan 03, 2023",20.8,20.8,20.9,20.7,,0.00%
237,"Dec 30, 2022",20.8,20.8,20.9,20.7,,0.00%
238,"Dec 29, 2022",20.8,20.8,20.9,20.7,,0.00%
239,"Dec 28, 2022",20.8,20.8,20.9,20.7,,0.00%
240,"Dec 27, 2022",20.8,20.8,20.9,20.7,,0.00%
241,"Dec 26, 2022",20.8,20.8,20.9,20.7,,0.00%
242,"Dec 23, 2022",20.8,20.8,20.9,20.7,,0.00%
243,"Dec 22, 2022",20.8,20.8,20.9,20.7,,0.00%
244,"Dec 21, 2022",20.8,20.8,20.9,20.7,,-0.48%
245,"Dec 20, 2022",20.9,20.9,21.0,20.8,,-0.95%
246,"Dec 19, 2022",21.1,21.1,21.2,21.0,,0.00%
247,"Dec 16, 2022",21.1,21.1,21.2,21.0,,0.00%
248,"Dec 15, 2022",21.1,21.1,21.2,21.0,,-0.47%
249,"Dec 14, 2022",21.2,21.2,21.3,21.1,,-0.93%
250,"Dec 13, 2022",21.4,21.4,21.5,21.3,,0.00%
251,"Dec 12, 2022",21.4,21.4,21.5,21.3,,0.00%
252,"Dec 09, 2022",21.4,21.4,21.5,21.3,,0.00%
253,"Dec 08, 2022",21.4,21.4,21.5,21.3,,-2.73%
254,"Dec 07, 2022",22.0,22.0,22.1,21.9,,-2.65%
255,"Dec 06, 2022",22.6,22.6,22.7,22.5,,0.00%
256,"Dec 05, 2022",22.6,22.6,22.7,22.5,,0.00%
257,"Dec 02, 2022",22.6,22.6,22.7,22.5,,-2.59%
258,"Dec 01, 2022",23.2,23.2,23.3,23.1,,0.00%
259,"Nov 30, 2022",23.2,23.2,23.3,23.1,,0.00%
260,"Nov 29, 2022",23.2,23.2,23.3,23.1,,0.00%
261,"Nov 28, 2022",23.2,23.2,23.3,23.1,,0.00%
262,"Nov 25, 2022",23.2,23.2,23.3,23.1,,-2.11%
263,"Nov 24, 2022",23.7,23.7,23.8,23.6,,-2.07%
264,"Nov 23, 2022",24.2,24.2,24.3,24.1,,0.00%
265,"Nov 22, 2022",24.2,24.2,24.3,24.1,,0.00%
266,"Nov 21, 2022",24.2,24.2,24.3,24.1,,0.00%
267,"Nov 18, 2022",24.2,24.2,24.3,24.1,,0.00%
268,"Nov 17, 2022",24.2,24.2,24.3,24.1,,0.00%
269,"Nov 16, 2022",24.2,24.2,24.3,24.1,,-0.41%
270,"Nov 15, 2022",24.3,24.3,24.4,24.2,,0.00%
271,"Nov 14, 2022",24.3,24.3,24.4,24.2,,-2.41%
272,"Nov 11, 2022",24.9,24.9,25.0,24.8,,-2.73%
273,"Nov 10, 2022",25.6,25.6,25.7,25.5,,0.00%
274,"Nov 09, 2022",25.6,25.6,25.7,25.5,,-1.16%
275,"Nov 08, 2022",25.9,25.9,26.0,25.8,,-0.77%
276,"Nov 07, 2022",26.1,26.1,26.2,26.0,,0.00%
277,"Nov 04, 2022",26.1,26.1,26.2,26.0,,0.00%
278,"Nov 03, 2022",26.1,26.1,26.2,26.0,,0.00%
279,"Nov 02, 2022",26.1,26.1,26.2,26.0,,0.00%
280,"Nov 01, 2022",26.1,26.1,26.2,26.0,,-0.38%
281,"Oct 31, 2022",26.2,26.2,26.3,26.1,,0.00%
282,"Oct 28, 2022",26.2,26.2,26.3,26.1,,-0.38%
283,"Oct 27, 2022",26.3,26.3,26.4,26.2,,0.00%
284,"Oct 26, 2022",26.3,26.3,26.4,26.2,,0.00%
285,"Oct 25, 2022",26.3,26.3,26.4,26.2,,-0.38%
286,"Oct 24, 2022",26.4,26.4,26.5,26.3,,0.00%
287,"Oct 21, 2022",26.4,26.4,26.5,26.3,,0.00%
288,"Oct 20, 2022",26.4,26.4,26.5,26.3,,0.00%
289,"Oct 19, 2022",26.4,26.4,26.5,26.3,,0.00%
290,"Oct 18, 2022",26.4,26.4,26.5,26.3,,0.00%
291,"Oct 17, 2022",26.4,26.4,26.5,26.3,,0.00%
292,"Oct 14, 2022",26.4,26.4,26.5,26.3,,-1.86%
293,"Oct 13, 2022",26.9,26.9,27.0,26.8,,0.00%
294,"Oct 12, 2022",26.9,26.9,27.0,26.8,,0.00%
295,"Oct 11, 2022",26.9,26.9,27.0,26.8,,0.00%
296,"Oct 10, 2022",26.9,26.9,27.0,26.8,,0.00%
297,"Sep 29, 2022",26.9,26.9,27.0,26.8,,0.00%
298,"Sep 28, 2022",26.9,26.9,27.0,26.8,,0.37%
299,"Sep 27, 2022",26.8,26.8,26.9,26.7,,0.00%
300,"Sep 26, 2022",26.8,26.8,26.9,26.7,,0.00%
301,"Sep 23, 2022",26.8,26.8,26.9,26.7,,0.37%
302,"Sep 22, 2022",26.7,26.7,26.8,26.6,,0.00%
303,"Sep 21, 2022",26.7,26.7,26.8,26.6,,0.00%
304,"Sep 20, 2022",26.7,26.7,26.8,26.6,,0.00%
305,"Sep 19, 2022",26.7,26.7,26.8,26.6,,0.00%
306,"Sep 16, 2022",26.7,26.7,26.8,26.6,,0.75%
307,"Sep 15, 2022",26.5,26.5,26.6,26.4,,0.00%
308,"Sep 14, 2022",26.5,26.5,26.6,26.4,,0.00%
309,"Sep 13, 2022",26.5,26.5,26.6,26.4,,0.00%
310,"Sep 09, 2022",26.5,26.5,26.6,26.4,,0.00%
311,"Sep 08, 2022",26.5,26.5,26.6,26.4,,0.00%
312,"Sep 07, 2022",26.5,26.5,26.6,26.4,,0.00%
313,"Sep 06, 2022",26.5,26.5,26.6,26.4,,0.38%
314,"Sep 05, 2022",26.4,26.4,26.5,26.3,,0.00%
315,"Sep 02, 2022",26.4,26.4,26.5,26.3,,2.33%
316,"Sep 01, 2022",25.8,25.8,25.9,25.7,,0.00%
317,"Aug 31, 2022",25.8,25.8,25.9,25.7,,1.57%
318,"Aug 30, 2022",25.4,25.4,25.5,25.3,,0.00%
319,"Aug 29, 2022",25.4,25.4,25.5,25.3,,1.20%
320,"Aug 26, 2022",25.1,25.1,25.2,25.0,,2.45%
321,"Aug 25, 2022",24.5,24.5,24.6,24.4,,0.00%
322,"Aug 24, 2022",24.5,24.5,24.6,24.4,,0.00%
323,"Aug 23, 2022",24.5,24.5,24.6,24.4,,0.00%
324,"Aug 22, 2022",24.5,24.5,24.6,24.4,,0.00%
325,"Aug 19, 2022",24.5,24.5,24.6,24.4,,0.82%
326,"Aug 18, 2022",24.3,24.3,24.4,24.2,,0.00%
327,"Aug 17, 2022",24.3,24.3,24.4,24.2,,0.00%
328,"Aug 16, 2022",24.3,24.3,24.4,24.2,,-0.82%
329,"Aug 15, 2022",24.5,24.5,24.6,24.4,,0.00%
330,"Aug 12, 2022",24.5,24.5,24.6,24.4,,-2.39%
331,"Aug 11, 2022",25.1,25.1,25.2,25.0,,0.00%
332,"Aug 10, 2022",25.1,25.1,25.2,25.0,,0.00%
333,"Aug 09, 2022",25.1,25.1,25.2,25.0,,0.00%
334,"Aug 08, 2022",25.1,25.1,25.2,25.0,,0.00%
335,"Aug 05, 2022",25.1,25.1,25.2,25.0,,-0.79%
336,"Aug 04, 2022",25.3,25.3,25.4,25.2,,0.00%
337,"Aug 03, 2022",25.3,25.3,25.4,25.2,,-1.17%
338,"Aug 02, 2022",25.6,25.6,25.7,25.5,,-2.66%
339,"Aug 01, 2022",26.3,26.3,26.4,26.2,,-2.95%
340,"Jul 29, 2022",27.1,27.1,27.2,27.0,,-1.81%
341,"Jul 28, 2022",27.6,27.6,27.7,27.5,,0.00%
342,"Jul 27, 2022",27.6,27.6,27.7,27.5,,0.00%
343,"Jul 26, 2022",27.6,27.6,27.7,27.5,,-1.78%
344,"Jul 25, 2022",28.1,28.1,28.2,28.0,,0.00%
345,"Jul 22, 2022",28.1,28.1,28.2,28.0,,0.00%
346,"Jul 21, 2022",28.1,28.1,28.2,28.0,,0.00%
347,"Jul 20, 2022",28.1,28.1,28.2,28.0,,0.00%
348,"Jul 19, 2022",28.1,28.1,28.2,28.0,,-1.06%
349,"Jul 18, 2022",28.4,28.4,28.5,28.3,,-0.70%
350,"Jul 15, 2022",28.6,28.6,28.7,28.5,,-2.72%
351,"Jul 14, 2022",29.4,29.4,29.5,29.3,,-2.97%
352,"Jul 13, 2022",30.3,30.3,30.4,30.2,,-0.66%
353,"Jul 12, 2022",30.5,30.5,30.6,30.4,,0.00%
354,"Jul 11, 2022",30.5,30.5,30.6,30.4,,0.00%
355,"Jul 08, 2022",30.5,30.5,30.6,30.4,,0.00%
356,"Jul 07, 2022",30.5,30.5,30.6,30.4,,-2.87%
357,"Jul 06, 2022",31.4,31.4,31.5,31.3,,0.00%
358,"Jul 05, 2022",31.4,31.4,31.5,31.3,,-2.79%
359,"Jul 04, 2022",32.3,32.3,32.4,32.2,,0.00%
360,"Jul 01, 2022",32.3,32.3,32.4,32.2,,-0.92%
361,"Jun 30, 2022",32.6,32.6,32.7,32.5,,0.00%
362,"Jun 29, 2022",32.6,32.6,32.7,32.5,,-1.51%
363,"Jun 28, 2022",33.1,33.1,33.2,33.0,,0.00%
364,"Jun 27, 2022",33.1,33.1,33.2,33.0,,0.00%
365,"Jun 24, 2022",33.1,33.1,33.2,33.0,,-2.65%
366,"Jun 23, 2022",34.0,34.0,34.1,33.9,,0.00%
367,"Jun 22, 2022",34.0,34.0,34.1,33.9,,0.00%
368,"Jun 21, 2022",34.0,34.0,34.1,33.9,,-2.86%
369,"Jun 20, 2022",35.0,35.0,35.1,34.9,,0.00%
370,"Jun 17, 2022",35.0,35.0,35.1,34.9,,0.00%
371,"Jun 16, 2022",35.0,35.0,35.1,34.9,,0.00%
372,"Jun 15, 2022",35.0,35.0,35.1,34.9,,0.00%
373,"Jun 14, 2022",35.0,35.0,35.1,34.9,,0.00%
374,"Jun 13, 2022",35.0,35.0,35.1,34.9,,-2.78%
375,"Jun 10, 2022",36.0,36.0,36.1,35.9,,0.00%
376,"Jun 09, 2022",36.0,36.0,36.1,35.9,,-2.70%
377,"Jun 08, 2022",37.0,37.0,37.1,36.9,,0.00%
378,"Jun 07, 2022",37.0,37.0,37.1,36.9,,-1.07%
379,"Jun 06, 2022",37.4,37.4,37.5,37.3,,0.00%
380,"Jun 02, 2022",37.4,37.4,37.5,37.3,,0.00%
381,"Jun 01, 2022",37.4,37.4,37.5,37.3,,-2.60%
382,"May 31, 2022",38.4,38.4,38.5,38.3,,0.00%
383,"May 30, 2022",38.4,38.4,38.5,38.3,,0.00%
384,"May 27, 2022",38.4,38.4,38.5,38.3,,-0.52%
385,"May 26, 2022",38.6,38.6,38.7,38.5,,0.00%
386,"May 25, 2022",38.6,38.6,38.7,38.5,,0.00%
387,"May 24, 2022",38.6,38.6,38.7,38.5,,-0.52%
388,"May 23, 2022",38.8,38.8,38.9,38.7,,0.00%
389,"May 20, 2022",38.8,38.8,38.9,38.7,,-1.02%
390,"May 19, 2022",39.2,39.2,39.3,39.1,,0.00%
391,"May 18, 2022",39.2,39.2,39.3,39.1,,0.00%
392,"May 17, 2022",39.2,39.2,39.3,39.1,,0.00%
393,"May 16, 2022",39.2,39.2,39.3,39.1,,0.00%
394,"May 13, 2022",39.2,39.2,39.3,39.1,,0.00%
395,"May 12, 2022",39.2,39.2,39.3,39.1,,0.00%
396,"May 11, 2022",39.2,39.2,39.3,39.1,,0.00%
397,"May 10, 2022",39.2,39.2,39.3,39.1,,0.00%
398,"May 09, 2022",39.2,39.2,39.3,39.1,,-0.25%
399,"May 06, 2022",39.3,39.3,39.4,39.2,,0.00%
400,"May 05, 2022",39.3,39.3,39.4,39.2,,0.00%
401,"Apr 29, 2022",39.3,39.3,39.4,39.2,,0.00%
402,"Apr 28, 2022",39.3,39.3,39.4,39.2,,0.00%
403,"Apr 27, 2022",39.3,39.3,39.4,39.2,,0.00%
404,"Apr 26, 2022",39.3,39.3,39.4,39.2,,0.00%
405,"Apr 25, 2022",39.3,39.3,39.4,39.2,,0.00%
406,"Apr 22, 2022",39.3,39.3,39.4,39.2,,0.00%
407,"Apr 21, 2022",39.3,39.3,39.4,39.2,,0.00%
408,"Apr 20, 2022",39.3,39.3,39.4,39.2,,0.00%
409,"Apr 19, 2022",39.3,39.3,39.4,39.2,,0.00%
410,"Apr 18, 2022",39.3,39.3,39.4,39.2,,0.00%
411,"Apr 15, 2022",39.3,39.3,39.4,39.2,,1.03%
412,"Apr 14, 2022",38.9,38.9,39.0,38.8,,0.00%
413,"Apr 13, 2022",38.9,38.9,39.0,38.8,,0.00%
414,"Apr 12, 2022",38.9,38.9,39.0,38.8,,0.00%
415,"Apr 11, 2022",38.9,38.9,39.0,38.8,,0.00%
416,"Apr 08, 2022",38.9,38.9,39.0,38.8,,-1.77%
417,"Apr 07, 2022",39.6,39.6,39.7,39.5,,0.00%
418,"Apr 06, 2022",39.6,39.6,39.7,39.5,,0.00%
419,"Apr 01, 2022",39.6,39.6,39.7,39.5,,0.00%
420,"Mar 31, 2022",39.6,39.6,39.7,39.5,,0.00%
421,"Mar 30, 2022",39.6,39.6,39.7,39.5,,0.00%
422,"Mar 29, 2022",39.6,39.6,39.7,39.5,,0.00%
423,"Mar 28, 2022",39.6,39.6,39.7,39.5,,0.00%
424,"Mar 25, 2022",39.6,39.6,39.7,39.5,,2.59%
425,"Mar 24, 2022",38.6,38.6,38.7,38.5,,0.00%
426,"Mar 23, 2022",38.6,38.6,38.7,38.5,,1.31%
427,"Mar 22, 2022",38.1,38.1,38.2,38.0,,0.00%
428,"Mar 21, 2022",38.1,38.1,38.2,38.0,,0.00%
429,"Mar 18, 2022",38.1,38.1,38.2,38.0,,2.70%
430,"Mar 17, 2022",37.1,37.1,37.2,37.0,,0.00%
431,"Mar 16, 2022",37.1,37.1,37.2,37.0,,0.00%
432,"Mar 15, 2022",37.1,37.1,37.2,37.0,,0.00%
433,"Mar 14, 2022",37.1,37.1,37.2,37.0,,0.00%
434,"Mar 11, 2022",37.1,37.1,37.2,37.0,,0.54%
435,"Mar 10, 2022",36.9,36.9,37.0,36.8,,0.00%
436,"Mar 09, 2022",36.9,36.9,37.0,36.8,,0.82%
437,"Mar 08, 2022",36.6,36.6,36.7,36.5,,0.00%
438,"Mar 07, 2022",36.6,36.6,36.7,36.5,,0.00%
439,"Mar 04, 2022",36.6,36.6,36.7,36.5,,1.10%
440,"Mar 03, 2022",36.2,36.2,36.3,36.1,,0.00%
441,"Mar 02, 2022",36.2,36.2,36.3,36.1,,0.00%
442,"Mar 01, 2022",36.2,36.2,36.3,36.1,,0.00%
443,"Feb 28, 2022",36.2,36.2,36.3,36.1,,1.40%
444,"Feb 25, 2022",35.7,35.7,35.8,35.6,,2.88%
445,"Feb 24, 2022",34.7,34.7,34.8,34.6,,0.00%
446,"Feb 23, 2022",34.7,34.7,34.8,34.6,,0.00%
447,"Feb 22, 2022",34.7,34.7,34.8,34.6,,0.29%
448,"Feb 21, 2022",34.6,34.6,34.7,34.5,,1.47%
449,"Feb 18, 2022",34.1,34.1,34.2,34.0,,0.00%
450,"Feb 17, 2022",34.1,34.1,34.2,34.0,,0.00%
451,"Feb 16, 2022",34.1,34.1,34.2,34.0,,0.00%
452,"Feb 15, 2022",34.1,34.1,34.2,34.0,,0.00%
453,"Feb 14, 2022",34.1,34.1,34.2,34.0,,0.00%
454,"Feb 11, 2022",34.1,34.1,34.2,34.0,,0.00%
455,"Feb 10, 2022",34.1,34.1,34.2,34.0,,0.00%
456,"Feb 09, 2022",34.1,34.1,34.2,34.0,,0.00%
457,"Feb 08, 2022",34.1,34.1,34.2,34.0,,0.00%
458,"Feb 07, 2022",34.1,34.1,34.2,34.0,,0.00%
459,"Jan 28, 2022",34.1,34.1,34.2,34.0,,0.00%
460,"Jan 27, 2022",34.1,34.1,34.2,34.0,,0.00%
461,"Jan 26, 2022",34.1,34.1,34.2,34.0,,0.00%
462,"Jan 25, 2022",34.1,34.1,34.2,34.0,,0.00%
463,"Jan 24, 2022",34.1,34.1,34.2,34.0,,0.00%
464,"Jan 21, 2022",34.1,34.1,34.2,34.0,,0.00%
465,"Jan 20, 2022",34.1,34.1,34.2,34.0,,0.00%
466,"Jan 19, 2022",34.1,34.1,34.2,34.0,,0.59%
467,"Jan 18, 2022",33.9,33.9,34.0,33.8,,0.00%
468,"Jan 17, 2022",33.9,33.9,34.0,33.8,,0.00%
469,"Jan 14, 2022",33.9,33.9,34.0,33.8,,0.00%
470,"Jan 13, 2022",33.9,33.9,34.0,33.8,,0.00%
471,"Jan 12, 2022",33.9,33.9,34.0,33.8,,0.00%
472,"Jan 11, 2022",33.9,33.9,34.0,33.8,,0.00%
473,"Jan 10, 2022",33.9,33.9,34.0,33.8,,0.00%
474,"Jan 07, 2022",33.9,33.9,34.0,33.8,,0.00%
475,"Jan 06, 2022",33.9,33.9,34.0,33.8,,0.89%
476,"Jan 05, 2022",33.6,33.6,33.7,33.5,,0.00%
477,"Jan 04, 2022",33.6,33.6,33.7,33.5,,0.00%
478,"Dec 31, 2021",33.6,33.6,33.7,33.5,,0.00%
479,"Dec 30, 2021",33.6,33.6,33.7,33.5,,0.00%
480,"Dec 29, 2021",33.6,33.6,33.7,33.5,,0.00%
481,"Dec 28, 2021",33.6,33.6,33.7,33.5,,0.00%
482,"Dec 27, 2021",33.6,33.6,33.7,33.5,,0.00%
483,"Dec 24, 2021",33.6,33.6,33.7,33.5,,1.51%
484,"Dec 23, 2021",33.1,33.1,33.2,33.0,,0.00%
485,"Dec 22, 2021",33.1,33.1,33.2,33.0,,2.80%
486,"Dec 21, 2021",32.2,32.2,32.3,32.1,,0.00%
487,"Dec 20, 2021",32.2,32.2,32.3,32.1,,0.00%
488,"Dec 17, 2021",32.2,32.2,32.3,32.1,,0.00%
489,"Dec 16, 2021",32.2,32.2,32.3,32.1,,0.00%
490,"Dec 15, 2021",32.2,32.2,32.3,32.1,,1.58%
491,"Dec 14, 2021",31.7,31.7,31.8,31.6,,0.00%
492,"Dec 13, 2021",31.7,31.7,31.8,31.6,,0.00%
493,"Dec 10, 2021",31.7,31.7,31.8,31.6,,0.00%
494,"Dec 09, 2021",31.7,31.7,31.8,31.6,,1.60%
495,"Dec 08, 2021",31.2,31.2,31.3,31.1,,0.00%
496,"Dec 07, 2021",31.2,31.2,31.3,31.1,,0.00%
497,"Dec 06, 2021",31.2,31.2,31.3,31.1,,1.63%
498,"Dec 03, 2021",30.7,30.7,30.8,30.6,,2.68%
499,"Dec 02, 2021",29.9,29.9,30.0,29.8,,1.01%
500,"Dec 01, 2021",29.6,29.6,29.7,29.5,,0.00%
501,"Nov 30, 2021",29.6,29.6,29.7,29.5,,0.00%
502,"Nov 29, 2021",29.6,29.6,29.7,29.5,,0.00%
503,"Nov 26, 2021",29.6,29.6,29.7,29.5,,0.00%
504,"Nov 25, 2021",29.6,29.6,29.7,29.5,,2.42%
505,"Nov 24, 2021",28.9,28.9,29.0,28.8,,0.00%
506,"Nov 23, 2021",28.9,28.9,29.0,28.8,,0.00%
507,"Nov 22, 2021",28.9,28.9,29.0,28.8,,0.00%
508,"Nov 19, 2021",28.9,28.9,29.0,28.8,,1.76%
509,"Nov 18, 2021",28.4,28.4,28.5,28.3,,0.00%
510,"Nov 17, 2021",28.4,28.4,28.5,28.3,,1.07%
511,"Nov 16, 2021",28.1,28.1,28.2,28.0,,1.08%
512,"Nov 15, 2021",27.8,27.8,27.9,27.7,,0.00%
513,"Nov 12, 2021",27.8,27.8,27.9,27.7,,0.00%
514,"Nov 11, 2021",27.8,27.8,27.9,27.7,,0.72%
515,"Nov 10, 2021",27.6,27.6,27.7,27.5,,1.10%
516,"Nov 09, 2021",27.3,27.3,27.4,27.2,,0.00%
517,"Nov 08, 2021",27.3,27.3,27.4,27.2,,0.00%
518,"Nov 05, 2021",27.3,27.3,27.4,27.2,,0.74%
519,"Nov 04, 2021",27.1,27.1,27.2,27.0,,0.74%
520,"Nov 03, 2021",26.9,26.9,27.0,26.8,,0.00%
521,"Nov 02, 2021",26.9,26.9,27.0,26.8,,0.00%
522,"Nov 01, 2021",26.9,26.9,27.0,26.8,,0.00%
523,"Oct 29, 2021",26.9,26.9,27.0,26.8,,1.13%
524,"Oct 28, 2021",26.6,26.6,26.7,26.5,,0.00%
525,"Oct 27, 2021",26.6,26.6,26.7,26.5,,1.14%
526,"Oct 26, 2021",26.3,26.3,26.4,26.2,,0.00%
527,"Oct 25, 2021",26.3,26.3,26.4,26.2,,0.00%
528,"Oct 22, 2021",26.3,26.3,26.4,26.2,,1.94%
529,"Oct 21, 2021",25.8,25.8,25.9,25.7,,0.00%
530,"Oct 20, 2021",25.8,25.8,25.9,25.7,,0.00%
531,"Oct 19, 2021",25.8,25.8,25.9,25.7,,0.00%
532,"Oct 18, 2021",25.8,25.8,25.9,25.7,,0.00%
533,"Oct 15, 2021",25.8,25.8,25.9,25.7,,0.00%
534,"Oct 14, 2021",25.8,25.8,25.9,25.7,,0.78%
535,"Oct 13, 2021",25.6,25.6,25.7,25.5,,0.00%
536,"Oct 12, 2021",25.6,25.6,25.7,25.5,,1.59%
537,"Oct 11, 2021",25.2,25.2,25.3,25.1,,0.00%
538,"Sep 29, 2021",25.2,25.2,25.3,25.1,,1.61%
539,"Sep 28, 2021",24.8,24.8,24.9,24.7,,0.81%
540,"Sep 27, 2021",24.6,24.6,24.7,24.5,,1.23%
541,"Sep 24, 2021",24.3,24.3,24.4,24.2,,2.97%
542,"Sep 23, 2021",23.6,23.6,23.7,23.5,,0.00%
543,"Sep 22, 2021",23.6,23.6,23.7,23.5,,0.00%
544,"Sep 17, 2021",23.6,23.6,23.7,23.5,,0.00%
545,"Sep 16, 2021",23.6,23.6,23.7,23.5,,0.00%
546,"Sep 15, 2021",23.6,23.6,23.7,23.5,,0.00%
547,"Sep 14, 2021",23.6,23.6,23.7,23.5,,0.85%
548,"Sep 13, 2021",23.4,23.4,23.5,23.3,,0.00%
549,"Sep 10, 2021",23.4,23.4,23.5,23.3,,0.00%
550,"Sep 09, 2021",23.4,23.4,23.5,23.3,,0.00%
551,"Sep 08, 2021",23.4,23.4,23.5,23.3,,0.00%
552,"Sep 07, 2021",23.4,23.4,23.5,23.3,,0.00%
553,"Sep 06, 2021",23.4,23.4,23.5,23.3,,0.00%
554,"Sep 03, 2021",23.4,23.4,23.5,23.3,,0.00%
555,"Sep 02, 2021",23.4,23.4,23.5,23.3,,0.00%
556,"Sep 01, 2021",23.4,23.4,23.5,23.3,,0.00%
557,"Aug 31, 2021",23.4,23.4,23.5,23.3,,0.00%
558,"Aug 30, 2021",23.4,23.4,23.5,23.3,,0.00%
559,"Aug 27, 2021",23.4,23.4,23.5,23.3,,-0.43%
560,"Aug 26, 2021",23.5,23.5,23.6,23.4,,0.00%
561,"Aug 25, 2021",23.5,23.5,23.6,23.4,,0.00%
562,"Aug 24, 2021",23.5,23.5,23.6,23.4,,0.00%
563,"Aug 23, 2021",23.5,23.5,23.6,23.4,,0.00%
564,"Aug 20, 2021",23.5,23.5,23.6,23.4,,0.00%
565,"Aug 19, 2021",23.5,23.5,23.6,23.4,,0.00%
566,"Aug 18, 2021",23.5,23.5,23.6,23.4,,-0.42%
567,"Aug 17, 2021",23.6,23.6,23.7,23.5,,0.00%
568,"Aug 16, 2021",23.6,23.6,23.7,23.5,,0.00%
569,"Aug 13, 2021",23.6,23.6,23.7,23.5,,0.00%
570,"Aug 12, 2021",23.6,23.6,23.7,23.5,,0.00%
571,"Aug 11, 2021",23.6,23.6,23.7,23.5,,0.00%
572,"Aug 10, 2021",23.6,23.6,23.7,23.5,,0.00%
573,"Aug 09, 2021",23.6,23.6,23.7,23.5,,0.00%
574,"Aug 06, 2021",23.6,23.6,23.7,23.5,,-0.84%
575,"Aug 05, 2021",23.8,23.8,23.9,23.7,,0.00%
576,"Aug 04, 2021",23.8,23.8,23.9,23.7,,0.00%
577,"Aug 03, 2021",23.8,23.8,23.9,23.7,,0.00%
578,"Aug 02, 2021",23.8,23.8,23.9,23.7,,0.00%
579,"Jul 30, 2021",23.8,23.8,23.9,23.7,,0.00%
580,"Jul 29, 2021",23.8,23.8,23.9,23.7,,0.00%
581,"Jul 28, 2021",23.8,23.8,23.9,23.7,,0.00%
582,"Jul 27, 2021",23.8,23.8,23.9,23.7,,0.00%
583,"Jul 26, 2021",23.8,23.8,23.9,23.7,,0.00%
584,"Jul 23, 2021",23.8,23.8,23.9,23.7,,0.00%
585,"Jul 22, 2021",23.8,23.8,23.9,23.7,,0.00%
586,"Jul 21, 2021",23.8,23.8,23.9,23.7,,0.00%
587,"Jul 20, 2021",23.8,23.8,23.9,23.7,,0.00%
588,"Jul 19, 2021",23.8,23.8,23.9,23.7,,0.00%
589,"Jul 16, 2021",23.8,23.8,23.9,23.7,,0.00%
590,"Jul 15, 2021",23.8,23.8,23.9,23.7,,0.00%
591,"Jul 14, 2021",23.8,23.8,23.9,23.7,,0.00%
592,"Jul 13, 2021",23.8,23.8,23.9,23.7,,0.00%
593,"Jul 12, 2021",23.8,23.8,23.9,23.7,,0.00%
594,"Jul 09, 2021",23.8,23.8,23.9,23.7,,0.85%
595,"Jul 08, 2021",23.6,23.6,23.7,23.5,,1.29%
596,"Jul 07, 2021",23.3,23.3,23.4,23.2,,0.87%
597,"Jul 06, 2021",23.1,23.1,23.2,23.0,,0.87%
598,"Jul 05, 2021",22.9,22.9,23.0,22.8,,2.23%
599,"Jul 02, 2021",22.4,22.4,22.5,22.3,,1.82%
600,"Jul 01, 2021",22.0,22.0,22.1,21.9,,1.38%
601,"Jun 30, 2021",21.7,21.7,21.8,21.6,,1.40%
602,"Jun 29, 2021",21.4,21.4,21.5,21.3,,1.42%
603,"Jun 28, 2021",21.1,21.1,21.2,21.0,,2.93%
604,"Jun 25, 2021",20.5,20.5,20.6,20.4,,2.50%
605,"Jun 24, 2021",20.0,20.0,20.1,19.9,,0.00%
606,"Jun 23, 2021",20.0,20.0,20.1,19.9,,0.00%
607,"Jun 22, 2021",20.0,20.0,20.1,19.9,,0.50%
608,"Jun 21, 2021",19.9,19.9,20.0,19.8,,0.00%
609,"Jun 18, 2021",19.9,19.9,20.0,19.8,,1.53%
610,"Jun 17, 2021",19.6,19.6,19.7,19.5,,0.00%
611,"Jun 16, 2021",19.6,19.6,19.7,19.5,,0.00%
612,"Jun 15, 2021",19.6,19.6,19.7,19.5,,0.00%
613,"Jun 11, 2021",19.6,19.6,19.7,19.5,,0.00%
614,"Jun 10, 2021",19.6,19.6,19.7,19.5,,0.00%
615,"Jun 09, 2021",19.6,19.6,19.7,19.5,,0.00%
616,"Jun 08, 2021",19.6,19.6,19.7,19.5,,0.00%
617,"Jun 07, 2021",19.6,19.6,19.7,19.5,,0.00%
618,"Jun 04, 2021",19.6,19.6,19.7,19.5,,0.00%
619,"Jun 03, 2021",19.6,19.6,19.7,19.5,,0.00%
620,"Jun 02, 2021",19.6,19.6,19.7,19.5,,0.00%
621,"Jun 01, 2021",19.6,19.6,19.7,19.5,,0.00%
622,"May 31, 2021",19.6,19.6,19.7,19.5,,0.00%
623,"May 28, 2021",19.6,19.6,19.7,19.5,,0.00%
624,"May 27, 2021",19.6,19.6,19.7,19.5,,0.00%
625,"May 26, 2021",19.6,19.6,19.7,19.5,,0.00%
626,"May 25, 2021",19.6,19.6,19.7,19.5,,0.00%
627,"May 24, 2021",19.6,19.6,19.7,19.5,,0.00%
628,"May 21, 2021",19.6,19.6,19.7,19.5,,0.00%
629,"May 20, 2021",19.6,19.6,19.7,19.5,,0.00%
630,"May 19, 2021",19.6,19.6,19.7,19.5,,0.00%
631,"May 18, 2021",19.6,19.6,19.7,19.5,,-0.51%
632,"May 17, 2021",19.7,19.7,19.8,19.6,,0.00%
633,"May 14, 2021",19.7,19.7,19.8,19.6,,0.00%
634,"May 13, 2021",19.7,19.7,19.8,19.6,,0.00%
635,"May 12, 2021",19.7,19.7,19.8,19.6,,0.00%
636,"May 11, 2021",19.7,19.7,19.8,19.6,,-1.01%
637,"May 10, 2021",19.9,19.9,20.0,19.8,,0.00%
638,"May 07, 2021",19.9,19.9,20.0,19.8,,-1.00%
639,"May 06, 2021",20.1,20.1,20.2,20.0,,0.00%
640,"Apr 30, 2021",20.1,20.1,20.2,20.0,,0.00%
641,"Apr 29, 2021",20.1,20.1,20.2,20.0,,0.00%
642,"Apr 28, 2021",20.1,20.1,20.2,20.0,,0.00%
643,"Apr 27, 2021",20.1,20.1,20.2,20.0,,0.00%
644,"Apr 26, 2021",20.1,20.1,20.2,20.0,,-0.50%
645,"Apr 23, 2021",20.2,20.2,20.3,20.1,,-1.94%
646,"Apr 22, 2021",20.6,20.6,20.7,20.5,,-2.37%
647,"Apr 21, 2021",21.1,21.1,21.2,21.0,,-2.76%
648,"Apr 20, 2021",21.7,21.7,21.8,21.6,,0.00%
649,"Apr 19, 2021",21.7,21.7,21.8,21.6,,-2.69%
650,"Apr 16, 2021",22.3,22.3,22.4,22.2,,-2.62%
651,"Apr 15, 2021",22.9,22.9,23.0,22.8,,0.00%
652,"Apr 14, 2021",22.9,22.9,23.0,22.8,,0.00%
653,"Apr 13, 2021",22.9,22.9,23.0,22.8,,0.00%
654,"Apr 12, 2021",22.9,22.9,23.0,22.8,,0.00%
655,"Apr 09, 2021",22.9,22.9,23.0,22.8,,0.00%
656,"Apr 08, 2021",22.9,22.9,23.0,22.8,,0.00%
657,"Apr 07, 2021",22.9,22.9,23.0,22.8,,0.00%
658,"Apr 06, 2021",22.9,22.9,23.0,22.8,,0.00%
659,"Apr 02, 2021",22.9,22.9,23.0,22.8,,0.00%
660,"Apr 01, 2021",22.9,22.9,23.0,22.8,,-0.87%
661,"Mar 31, 2021",23.1,23.1,23.2,23.0,,-0.43%
662,"Mar 30, 2021",23.2,23.2,23.3,23.1,,-0.85%
663,"Mar 29, 2021",23.4,23.4,23.5,23.3,,-2.90%
664,"Mar 26, 2021",24.1,24.1,24.2,24.0,,0.00%
665,"Mar 25, 2021",24.1,24.1,24.2,24.0,,0.00%
666,"Mar 24, 2021",24.1,24.1,24.2,24.0,,0.00%
667,"Mar 23, 2021",24.1,24.1,24.2,24.0,,0.00%
668,"Mar 22, 2021",24.1,24.1,24.2,24.0,,0.00%
669,"Mar 19, 2021",24.1,24.1,24.2,24.0,,0.00%
670,"Mar 18, 2021",24.1,24.1,24.2,24.0,,0.00%
671,"Mar 17, 2021",24.1,24.1,24.2,24.0,,0.00%
672,"Mar 16, 2021",24.1,24.1,24.2,24.0,,0.00%
673,"Mar 15, 2021",24.1,24.1,24.2,24.0,,0.00%
674,"Mar 12, 2021",24.1,24.1,24.2,24.0,,0.00%
675,"Mar 11, 2021",24.1,24.1,24.2,24.0,,0.00%
676,"Mar 10, 2021",24.1,24.1,24.2,24.0,,0.00%
677,"Mar 09, 2021",24.1,24.1,24.2,24.0,,0.00%
678,"Mar 08, 2021",24.1,24.1,24.2,24.0,,0.00%
679,"Mar 05, 2021",24.1,24.1,24.2,24.0,,0.00%
680,"Mar 04, 2021",24.1,24.1,24.2,24.0,,0.00%
681,"Mar 03, 2021",24.1,24.1,24.2,24.0,,2.12%
682,"Mar 02, 2021",23.6,23.6,23.7,23.5,,2.61%
683,"Mar 01, 2021",23.0,23.0,23.1,22.9,,2.68%
684,"Feb 26, 2021",22.4,22.4,22.5,22.3,,2.28%
685,"Feb 25, 2021",21.9,21.9,22.0,21.8,,2.82%
686,"Feb 24, 2021",21.3,21.3,21.4,21.2,,2.90%
687,"Feb 23, 2021",20.7,20.7,20.8,20.6,,2.99%
688,"Feb 22, 2021",20.1,20.1,20.2,20.0,,1.52%
689,"Feb 05, 2021",19.8,19.8,19.9,19.7,,1.54%
690,"Feb 04, 2021",19.5,19.5,19.6,19.4,,1.56%
691,"Feb 03, 2021",19.2,19.2,19.3,19.1,,2.67%
692,"Feb 02, 2021",18.7,18.7,18.8,18.6,,1.08%
693,"Feb 01, 2021",18.5,18.5,18.6,18.4,,1.09%
694,"Jan 29, 2021",18.3,18.3,18.4,18.2,,1.10%
695,"Jan 28, 2021",18.1,18.1,18.2,18.0,,1.12%
696,"Jan 27, 2021",17.9,17.9,18.0,17.8,,0.00%
697,"Jan 26, 2021",17.9,17.9,18.0,17.8,,2.87%
698,"Jan 25, 2021",17.4,17.4,17.5,17.3,,2.96%
699,"Jan 22, 2021",16.9,16.9,17.0,16.8,,2.42%
700,"Jan 21, 2021",16.5,16.5,16.6,16.4,,1.85%
701,"Jan 20, 2021",16.2,16.2,16.3,16.1,,1.89%
702,"Jan 19, 2021",15.9,15.9,16.0,15.8,,1.92%
703,"Jan 18, 2021",15.6,15.6,15.7,15.5,,2.63%
704,"Jan 15, 2021",15.2,15.2,15.3,15.1,,2.70%
705,"Jan 14, 2021",14.8,14.8,14.9,14.7,,0.68%
706,"Jan 13, 2021",14.7,14.7,14.8,14.6,,0.00%
707,"Jan 12, 2021",14.7,14.7,14.8,14.6,,0.68%
708,"Jan 11, 2021",14.6,14.6,14.7,14.5,,0.00%
709,"Jan 08, 2021",14.6,14.6,14.7,14.5,,0.00%
710,"Jan 07, 2021",14.6,14.6,14.7,14.5,,0.00%
711,"Jan 06, 2021",14.6,14.6,14.7,14.5,,0.00%
712,"Jan 05, 2021",14.6,14.6,14.7,14.5,,0.00%
713,"Jan 04, 2021",14.6,14.6,14.7,14.5,,0.00%
714,"Dec 31, 2020",14.6,14.6,14.7,14.5,,0.00%
715,"Dec 30, 2020",14.6,14.6,14.7,14.5,,0.00%
716,"Dec 29, 2020",14.6,14.6,14.7,14.5,,-0.68%
717,"Dec 28, 2020",14.7,14.7,14.8,14.6,,0.00%
718,"Dec 25, 2020",14.7,14.7,14.8,14.6,,0.00%
719,"Dec 24, 2020",14.7,14.7,14.8,14.6,,0.00%
720,"Dec 23, 2020",14.7,14.7,14.8,14.6,,0.00%
721,"Dec 22, 2020",14.7,14.7,14.8,14.6,,0.00%
722,"Dec 21, 2020",14.7,14.7,14.8,14.6,,0.00%
723,"Dec 18, 2020",14.7,14.7,14.8,14.6,,0.00%
724,"Dec 17, 2020",14.7,14.7,14.8,14.6,,0.00%
725,"Dec 16, 2020",14.7,14.7,14.8,14.6,,0.00%
726,"Dec 15, 2020",14.7,14.7,14.8,14.6,,0.00%
727,"Dec 14, 2020",14.7,14.7,14.8,14.6,,0.00%
728,"Dec 11, 2020",14.7,14.7,14.8,14.6,,0.00%
729,"Dec 10, 2020",14.7,14.7,14.8,14.6,,0.00%
730,"Dec 09, 2020",14.7,14.7,14.8,14.6,,0.00%
731,"Dec 08, 2020",14.7,14.7,14.8,14.6,,0.00%
732,"Dec 07, 2020",14.7,14.7,14.8,14.6,,0.00%
733,"Dec 04, 2020",14.7,14.7,14.8,14.6,,0.00%
734,"Dec 03, 2020",14.7,14.7,14.8,14.6,,0.00%
735,"Dec 02, 2020",14.7,14.7,14.8,14.6,,0.00%
736,"Dec 01, 2020",14.7,14.7,14.8,14.6,,0.00%
737,"Nov 30, 2020",14.7,14.7,14.8,14.6,,-0.68%
738,"Nov 27, 2020",14.8,14.8,14.9,14.7,,0.00%
739,"Nov 26, 2020",14.8,14.8,14.9,14.7,,0.00%
740,"Nov 25, 2020",14.8,14.8,14.9,14.7,,0.00%
741,"Nov 24, 2020",14.8,14.8,14.9,14.7,,0.00%
742,"Nov 23, 2020",14.8,14.8,14.9,14.7,,0.00%
743,"Nov 20, 2020",14.8,14.8,14.9,14.7,,0.00%
744,"Nov 19, 2020",14.8,14.8,14.9,14.7,,0.00%
745,"Nov 18, 2020",14.8,14.8,14.9,14.7,,0.00%
746,"Nov 17, 2020",14.8,14.8,14.9,14.7,,0.00%
747,"Nov 16, 2020",14.8,14.8,14.9,14.7,,0.00%
748,"Nov 13, 2020",14.8,14.8,14.9,14.7,,0.00%
749,"Nov 12, 2020",14.8,14.8,14.9,14.7,,0.00%
750,"Nov 11, 2020",14.8,14.8,14.9,14.7,,0.00%
751,"Nov 10, 2020",14.8,14.8,14.9,14.7,,0.00%
752,"Nov 09, 2020",14.8,14.8,14.9,14.7,,0.00%
753,"Nov 06, 2020",14.8,14.8,14.9,14.7,,0.00%
754,"Nov 05, 2020",14.8,14.8,14.9,14.7,,0.00%
755,"Nov 04, 2020",14.8,14.8,14.9,14.7,,0.00%
756,"Nov 03, 2020",14.8,14.8,14.9,14.7,,-0.67%
757,"Nov 02, 2020",14.9,14.9,15.0,14.8,,0.00%
758,"Oct 30, 2020",14.9,14.9,15.0,14.8,,0.00%
759,"Oct 29, 2020",14.9,14.9,15.0,14.8,,0.00%
760,"Oct 28, 2020",14.9,14.9,15.0,14.8,,0.00%
761,"Oct 27, 2020",14.9,14.9,15.0,14.8,,0.00%
762,"Oct 26, 2020",14.9,14.9,15.0,14.8,,0.00%
763,"Oct 23, 2020",14.9,14.9,15.0,14.8,,0.00%
764,"Oct 22, 2020",14.9,14.9,15.0,14.8,,0.00%
765,"Oct 21, 2020",14.9,14.9,15.0,14.8,,0.00%
766,"Oct 20, 2020",14.9,14.9,15.0,14.8,,-0.67%
767,"Oct 19, 2020",15.0,15.0,15.1,14.9,,0.00%
768,"Oct 16, 2020",15.0,15.0,15.1,14.9,,0.00%
769,"Oct 15, 2020",15.0,15.0,15.1,14.9,,0.00%
770,"Oct 14, 2020",15.0,15.0,15.1,14.9,,-0.66%
771,"Oct 13, 2020",15.1,15.1,15.2,15.0,,0.00%
772,"Oct 12, 2020",15.1,15.1,15.2,15.0,,0.00%
773,"Sep 29, 2020",15.1,15.1,15.2,15.0,,0.00%
774,"Sep 28, 2020",15.1,15.1,15.2,15.0,,0.00%
775,"Sep 25, 2020",15.1,15.1,15.2,15.0,,0.00%
776,"Sep 24, 2020",15.1,15.1,15.2,15.0,,0.00%
777,"Sep 23, 2020",15.1,15.1,15.2,15.0,,0.00%
778,"Sep 22, 2020",15.1,15.1,15.2,15.0,,0.00%
779,"Sep 21, 2020",15.1,15.1,15.2,15.0,,0.00%
780,"Sep 18, 2020",15.1,15.1,15.2,15.0,,0.00%
781,"Sep 17, 2020",15.1,15.1,15.2,15.0,,0.00%
782,"Sep 16, 2020",15.1,15.1,15.2,15.0,,0.00%
783,"Sep 15, 2020",15.1,15.1,15.2,15.0,,0.00%
784,"Sep 14, 2020",15.1,15.1,15.2,15.0,,0.00%
785,"Sep 11, 2020",15.1,15.1,15.2,15.0,,0.00%
786,"Sep 10, 2020",15.1,15.1,15.2,15.0,,0.00%
787,"Sep 09, 2020",15.1,15.1,15.2,15.0,,0.00%
788,"Sep 08, 2020",15.1,15.1,15.2,15.0,,0.00%
789,"Sep 07, 2020",15.1,15.1,15.2,15.0,,-1.31%
790,"Sep 04, 2020",15.3,15.3,15.4,15.2,,0.00%
791,"Sep 03, 2020",15.3,15.3,15.4,15.2,,0.00%
792,"Sep 02, 2020",15.3,15.3,15.4,15.2,,0.00%
793,"Sep 01, 2020",15.3,15.3,15.4,15.2,,0.00%
794,"Aug 31, 2020",15.3,15.3,15.4,15.2,,0.00%
795,"Aug 28, 2020",15.3,15.3,15.4,15.2,,0.00%
796,"Aug 27, 2020",15.3,15.3,15.4,15.2,,0.00%
797,"Aug 26, 2020",15.3,15.3,15.4,15.2,,0.00%
798,"Aug 25, 2020",15.3,15.3,15.4,15.2,,0.00%
799,"Aug 24, 2020",15.3,15.3,15.4,15.2,,1.32%
800,"Aug 21, 2020",15.1,15.1,15.2,15.0,,2.72%
801,"Aug 20, 2020",14.7,14.7,14.8,14.6,,0.68%
802,"Aug 19, 2020",14.6,14.6,14.7,14.5,,0.00%
803,"Aug 18, 2020",14.6,14.6,14.7,14.5,,0.00%
804,"Aug 17, 2020",14.6,14.6,14.7,14.5,,0.00%
805,"Aug 14, 2020",14.6,14.6,14.7,14.5,,0.00%
806,"Aug 13, 2020",14.6,14.6,14.7,14.5,,0.00%
807,"Aug 12, 2020",14.6,14.6,14.7,14.5,,1.39%
808,"Aug 11, 2020",14.4,14.4,14.5,14.3,,0.70%
809,"Aug 10, 2020",14.3,14.3,14.4,14.2,,0.00%
810,"Aug 07, 2020",14.3,14.3,14.4,14.2,,2.88%
811,"Aug 06, 2020",13.9,13.9,14.0,13.8,,0.00%
812,"Aug 05, 2020",13.9,13.9,14.0,13.8,,0.72%
813,"Aug 04, 2020",13.8,13.8,13.9,13.7,,1.47%
814,"Aug 03, 2020",13.6,13.6,13.7,13.5,,0.00%
815,"Jul 31, 2020",13.6,13.6,13.7,13.5,,1.49%
816,"Jul 30, 2020",13.4,13.4,13.5,13.3,,0.00%
817,"Jul 29, 2020",13.4,13.4,13.5,13.3,,0.00%
818,"Jul 28, 2020",13.4,13.4,13.5,13.3,,0.00%
819,"Jul 27, 2020",13.4,13.4,13.5,13.3,,0.00%
820,"Jul 24, 2020",13.4,13.4,13.5,13.3,,0.00%
821,"Jul 23, 2020",13.4,13.4,13.5,13.3,,0.00%
822,"Jul 22, 2020",13.4,13.4,13.5,13.3,,0.00%
823,"Jul 21, 2020",13.4,13.4,13.5,13.3,,0.00%
824,"Jul 20, 2020",13.4,13.4,13.5,13.3,,0.00%
825,"Jul 17, 2020",13.4,13.4,13.5,13.3,,-0.74%
826,"Jul 16, 2020",13.5,13.5,13.6,13.4,,0.00%
827,"Jul 15, 2020",13.5,13.5,13.6,13.4,,0.00%
828,"Jul 14, 2020",13.5,13.5,13.6,13.4,,0.00%
829,"Jul 13, 2020",13.5,13.5,13.6,13.4,,0.00%
830,"Jul 10, 2020",13.5,13.5,13.6,13.4,,0.00%
831,"Jul 09, 2020",13.5,13.5,13.6,13.4,,0.00%
832,"Jul 08, 2020",13.5,13.5,13.6,13.4,,-0.74%
833,"Jul 07, 2020",13.6,13.6,13.7,13.5,,0.00%
834,"Jul 06, 2020",13.6,13.6,13.7,13.5,,-0.73%
835,"Jul 03, 2020",13.7,13.7,13.8,13.6,,-0.72%
836,"Jul 02, 2020",13.8,13.8,13.9,13.7,,0.00%
837,"Jul 01, 2020",13.8,13.8,13.9,13.7,,0.00%
838,"Jun 30, 2020",13.8,13.8,13.9,13.7,,0.00%
839,"Jun 29, 2020",13.8,13.8,13.9,13.7,,-0.72%
840,"Jun 24, 2020",13.9,13.9,14.0,13.8,,0.00%
841,"Jun 23, 2020",13.9,13.9,14.0,13.8,,0.00%
842,"Jun 22, 2020",13.9,13.9,14.0,13.8,,0.00%
843,"Jun 18, 2020",13.9,13.9,14.0,13.8,,0.00%
844,"Jun 17, 2020",13.9,13.9,14.0,13.8,,-0.71%
845,"Jun 16, 2020",14.0,14.0,14.1,13.9,,0.00%
846,"Jun 15, 2020",14.0,14.0,14.1,13.9,,0.00%
847,"Jun 12, 2020",14.0,14.0,14.1,13.9,,0.00%
848,"Jun 11, 2020",14.0,14.0,14.1,13.9,,0.00%
849,"Jun 10, 2020",14.0,14.0,14.1,13.9,,-0.71%
850,"Jun 09, 2020",14.1,14.1,14.2,14.0,,0.00%
851,"Jun 08, 2020",14.1,14.1,14.2,14.0,,0.00%
852,"Jun 05, 2020",14.1,14.1,14.2,14.0,,-0.70%
853,"Jun 04, 2020",14.2,14.2,14.3,14.1,,-0.70%
854,"Jun 03, 2020",14.3,13.95,14.4,14.2,,-2.05%
855,"Jun 02, 2020",14.6,14.25,14.7,14.5,,0.00%
856,"Jun 01, 2020",14.6,14.25,14.7,14.5,,0.00%
857,"May 29, 2020",14.6,14.25,14.7,14.5,,0.00%
858,"May 28, 2020",14.6,14.25,14.7,14.5,,0.00%
859,"May 27, 2020",14.6,14.25,14.7,14.5,,-1.35%
860,"May 26, 2020",14.8,14.45,14.9,14.7,,0.00%
861,"May 25, 2020",14.8,14.45,14.9,14.7,,0.00%
862,"May 22, 2020",14.8,14.45,14.9,14.7,,-0.67%
863,"May 21, 2020",14.9,14.55,15.0,14.8,,0.00%
864,"May 20, 2020",14.9,14.55,15.0,14.8,,0.00%
865,"May 19, 2020",14.9,14.55,15.0,14.8,,0.00%
866,"May 18, 2020",14.9,14.55,15.0,14.8,,0.00%
867,"May 15, 2020",14.9,14.55,15.0,14.8,,0.00%
868,"May 14, 2020",14.9,14.55,15.0,14.8,,0.00%
869,"May 13, 2020",14.9,14.55,15.0,14.8,,0.00%
870,"May 12, 2020",14.9,14.55,15.0,14.8,,0.00%
871,"May 11, 2020",14.9,14.55,15.0,14.8,,0.00%
872,"May 08, 2020",14.9,14.55,15.0,14.8,,-0.67%
873,"May 07, 2020",15.0,14.65,15.1,14.9,,-1.96%
874,"May 06, 2020",15.3,14.95,15.4,15.2,,0.00%
875,"Apr 30, 2020",15.3,14.95,15.4,15.2,,-1.29%
876,"Apr 29, 2020",15.5,15.05,15.6,15.4,,0.00%
877,"Apr 28, 2020",15.5,15.05,15.6,15.4,,0.00%
878,"Apr 27, 2020",15.5,15.05,15.6,15.4,,-0.64%
879,"Apr 24, 2020",15.6,15.15,15.7,15.5,,0.00%
880,"Apr 23, 2020",15.6,15.15,15.7,15.5,,-0.64%
881,"Apr 22, 2020",15.7,15.25,15.8,15.6,,-1.26%
882,"Apr 21, 2020",15.9,15.35,16.0,15.8,,-0.63%
883,"Apr 20, 2020",16.0,15.45,16.1,15.9,,0.00%
884,"Apr 17, 2020",16.0,15.45,16.1,15.9,,-0.62%
885,"Apr 16, 2020",16.1,15.55,16.2,16.0,,0.00%
886,"Apr 15, 2020",16.1,15.55,16.2,16.0,,0.00%
887,"Apr 14, 2020",16.1,15.55,16.2,16.0,,-0.62%
888,"Apr 13, 2020",16.2,15.65,16.3,16.1,,0.00%
889,"Apr 10, 2020",16.2,15.65,16.3,16.1,,-0.61%
890,"Apr 09, 2020",16.3,15.75,16.4,16.2,,0.00%
891,"Apr 08, 2020",16.3,15.75,16.4,16.2,,-0.61%
892,"Apr 07, 2020",16.4,15.85,16.5,16.3,,0.00%
893,"Apr 03, 2020",16.4,15.85,16.5,16.3,,-0.61%
894,"Apr 02, 2020",16.5,15.95,16.6,16.4,,0.00%
895,"Apr 01, 2020",16.5,15.95,16.6,16.4,,0.00%
896,"Mar 31, 2020",16.5,15.95,16.6,16.4,,0.00%
897,"Mar 30, 2020",16.5,15.95,16.6,16.4,,0.00%
898,"Mar 27, 2020",16.5,15.95,16.6,16.4,,-1.20%
899,"Mar 26, 2020",16.7,16.15,16.8,16.6,,0.00%
900,"Mar 25, 2020",16.7,16.15,16.8,16.6,,-0.60%
901,"Mar 24, 2020",16.8,16.25,16.9,16.7,,-0.59%
902,"Mar 23, 2020",16.9,16.35,17.0,16.8,,-0.59%
903,"Mar 20, 2020",17.0,16.45,17.1,16.9,,0.00%
904,"Mar 19, 2020",17.0,16.45,17.1,16.9,,0.00%
905,"Mar 18, 2020",17.0,16.45,17.1,16.9,,0.00%
906,"Mar 17, 2020",17.0,16.45,17.1,16.9,,0.00%
907,"Mar 16, 2020",17.0,16.45,17.1,16.9,,0.00%
908,"Mar 13, 2020",17.0,16.45,17.1,16.9,,0.00%
909,"Mar 12, 2020",17.0,16.45,17.1,16.9,,0.00%
910,"Mar 11, 2020",17.0,16.45,17.1,16.9,,0.00%
911,"Mar 10, 2020",17.0,16.45,17.1,16.9,,0.00%
912,"Mar 09, 2020",17.0,16.45,17.1,16.9,,0.00%
913,"Mar 06, 2020",17.0,16.45,17.1,16.9,,-0.58%
914,"Mar 05, 2020",17.1,16.55,17.2,17.0,,0.00%
915,"Mar 04, 2020",17.1,16.55,17.2,17.0,,0.00%
916,"Mar 03, 2020",17.1,16.55,17.2,17.0,,0.00%
917,"Mar 02, 2020",17.1,16.55,17.2,17.0,,-0.58%
918,"Feb 28, 2020",17.2,16.65,17.3,17.1,,0.00%
919,"Feb 27, 2020",17.2,16.65,17.3,17.1,,0.00%
920,"Feb 26, 2020",17.2,16.65,17.3,17.1,,0.00%
921,"Feb 25, 2020",17.2,16.65,17.3,17.1,,0.00%
922,"Feb 24, 2020",17.2,16.65,17.3,17.1,,0.00%
923,"Feb 21, 2020",17.2,16.65,17.3,17.1,,0.00%
924,"Feb 20, 2020",17.2,16.65,17.3,17.1,,0.00%
925,"Feb 19, 2020",17.2,16.65,17.3,17.1,,0.58%
926,"Feb 18, 2020",17.1,16.55,17.2,17.0,,0.00%
927,"Feb 17, 2020",17.1,16.55,17.2,17.0,,1.18%
928,"Feb 14, 2020",16.9,16.35,17.0,16.8,,1.20%
929,"Feb 13, 2020",16.7,16.15,16.8,16.6,,0.00%
930,"Feb 12, 2020",16.7,16.15,16.8,16.6,,0.00%
931,"Feb 11, 2020",16.7,16.15,16.8,16.6,,0.60%
932,"Feb 10, 2020",16.6,16.05,16.7,16.5,,0.00%
933,"Feb 07, 2020",16.6,16.05,16.7,16.5,,2.47%
934,"Feb 06, 2020",16.2,15.75,16.3,16.1,,0.00%
935,"Feb 05, 2020",16.2,15.75,16.3,16.1,,0.00%
936,"Feb 04, 2020",16.2,15.75,16.3,16.1,,0.62%
937,"Feb 03, 2020",16.1,15.65,16.2,16.0,,1.90%
938,"Jan 21, 2020",15.8,15.35,15.9,15.7,,1.28%
939,"Jan 20, 2020",15.6,15.15,15.7,15.5,,0.65%
940,"Jan 17, 2020",15.5,15.05,15.6,15.4,,0.00%
941,"Jan 16, 2020",15.5,15.05,15.6,15.4,,0.00%
942,"Jan 15, 2020",15.5,15.05,15.6,15.4,,0.00%
943,"Jan 14, 2020",15.5,15.05,15.6,15.4,,0.00%
944,"Jan 13, 2020",15.5,15.05,15.6,15.4,,0.00%
945,"Jan 10, 2020",15.5,15.05,15.6,15.4,,0.00%
946,"Jan 09, 2020",15.5,15.05,15.6,15.4,,0.00%
947,"Jan 08, 2020",15.5,15.05,15.6,15.4,,0.00%
948,"Jan 07, 2020",15.5,15.05,15.6,15.4,,0.00%
949,"Jan 06, 2020",15.5,15.05,15.6,15.4,,0.00%
950,"Jan 03, 2020",15.5,15.05,15.6,15.4,,0.00%
951,"Jan 02, 2020",15.5,15.05,15.6,15.4,,0.00%
